position.x,position.ztime
-0.830525,-1.418387,30.14689
-0.8700339,-1.440782,30.25923
-0.9522044,-1.497181,30.39068
-0.9765828,-1.521762,30.50616
-0.9897676,-1.587067,30.64257
-0.9553692,-1.689556,30.82389
-0.9397046,-1.731144,30.95482
-0.929822,-1.769681,31.06905
-0.9319285,-1.815939,31.19438
-0.9662908,-1.930519,31.37209
-0.9936248,-1.990247,31.52468
-1.005921,-2.044242,31.65749
-1.003856,-2.063643,31.78011
-0.9854012,-2.095317,31.90253
-0.9715105,-2.108905,32.03317
-0.9569808,-2.130632,32.13589
-0.9520699,-2.157797,32.28759
-0.9583563,-2.18639,32.40836
-0.9730135,-2.209057,32.53355
-0.9828356,-2.233945,32.66196
-0.9829904,-2.24186,32.78335
-0.9822193,-2.242676,32.90315
-0.9824231,-2.247512,33.0275
-0.9753202,-2.250184,33.18859
-0.9666922,-2.24914,33.30446
-0.93832,-2.231948,33.45544
-0.9061697,-2.213513,33.55603
-0.8471057,-2.179985,33.68044
-0.799896,-2.142191,33.79703
-0.7658356,-2.120645,33.91875
-0.7508789,-2.1102,34.04543
-0.7393858,-2.106918,34.16824
-0.7347941,-2.129979,34.29164
-0.7337503,-2.154677,34.42057
-0.7292036,-2.16523,34.52295
-0.7007279,-2.178444,34.67806
-0.6626874,-2.186888,34.79559
-0.5931571,-2.195424,34.94549
-0.5393561,-2.190961,35.06706
-0.5031289,-2.195035,35.18301
-0.477216,-2.217482,35.33665
-0.4645037,-2.258528,35.49603
-0.4702256,-2.292323,35.62307
-0.4712944,-2.317371,35.74134
-0.4626341,-2.341835,35.85553
-0.4356196,-2.373458,36.01522
-0.4076076,-2.38889,36.13337
-0.3934175,-2.390316,36.24686
-0.3908996,-2.407032,36.40794
-0.4145451,-2.426816,36.53615
-0.4362752,-2.433806,36.65488
-0.4770624,-2.438553,36.77807
-0.5107418,-2.439393,36.9044
-0.5217902,-2.439334,37.02493
-0.5202646,-2.442686,37.14814
-0.5130606,-2.451191,37.29906
-0.4964632,-2.458812,37.427
-0.4797179,-2.462188,37.55256
-0.4646002,-2.462114,37.67356
-0.4524269,-2.463317,37.78676
-0.4375051,-2.461487,37.94348
-0.4292238,-2.459249,38.06122
-0.4307505,-2.445505,38.21196
-0.4419679,-2.435531,38.33522
-0.4649776,-2.43282,38.46
-0.4839102,-2.431533,38.56022
-0.4998838,-2.426753,38.69374
-0.5008656,-2.42713,38.7999
-0.4876824,-2.437122,38.92591
-0.4737547,-2.44978,39.02903
-0.4397279,-2.473775,39.14201
-0.3916838,-2.501409,39.28561
-0.3691306,-2.51105,39.41648
-0.35965,-2.517091,39.52675
-0.3563549,-2.523343,39.69216
-0.3594412,-2.526051,39.82608
-0.3771055,-2.532696,39.94268
-0.4056538,-2.537559,40.071
-0.4199841,-2.53972,40.18064
-0.4560789,-2.568919,40.55251
-0.4512969,-2.587999,40.6762
-0.4340309,-2.620949,40.8094
-0.4203945,-2.642502,40.91037
-0.3939542,-2.673579,41.02888
-0.3803078,-2.696305,41.15128
-0.3785389,-2.713788,41.29882
-0.3812049,-2.719132,41.41353
-0.3923898,-2.719878,41.537
-0.4187748,-2.711408,41.6514
-0.4460807,-2.69678,41.76796
-0.4751198,-2.683894,41.88417
-0.543789,-2.648892,41.99521
-0.6068324,-2.607255,42.1185
-0.6481731,-2.569056,42.23434
-0.6720153,-2.529199,42.35324
-0.6993089,-2.496441,42.46393
-0.7115414,-2.46841,42.58213
-0.7428747,-2.443412,42.71197
-0.7756091,-2.415465,42.83178
-0.8381085,-2.371706,42.9468
-0.8901738,-2.315912,43.06342
-0.913645,-2.272549,43.18513
-0.9412383,-2.227811,43.31621
-0.9500177,-2.203707,43.43432
-0.9439437,-2.184728,43.55201
-0.9428179,-2.163037,43.67985
-0.9411103,-2.141509,43.80186
-0.9458925,-2.127428,43.92572
-0.9728842,-2.100654,44.08837
-0.9985146,-2.08009,44.21153
-1.017231,-2.064741,44.33693
-1.037623,-2.047894,44.48205
-1.043348,-2.039014,44.60532
-1.040544,-2.027616,44.71245
-1.027215,-2.025524,44.82535
-1.009707,-2.024874,44.93993
-0.9762887,-2.028428,45.05176
-0.9363753,-2.033449,45.20584
-0.8755164,-2.02917,45.31273
-0.846312,-2.018826,45.43002
-0.8266714,-2.017455,45.56596
-0.8178666,-2.01612,45.7152
-0.7742094,-2.008173,45.90588
-0.7483549,-2.011581,46.01468
-0.653705,-2.022371,46.15326
-0.5638399,-2.028506,46.34403
-0.539483,-2.036122,46.47777
-0.5290996,-2.053871,46.59017
-0.5179836,-2.076395,46.70438
-0.5091639,-2.086458,46.82851
-0.5081401,-2.097403,46.94934
-0.4993021,-2.120531,47.07662
-0.4816501,-2.140847,47.19262
-0.4586554,-2.154809,47.30889
-0.4042157,-2.177797,47.42599
-0.3572584,-2.192955,47.53722
-0.3267918,-2.192248,47.6514
-0.2931574,-2.200729,47.77661
-0.2709552,-2.212074,47.90094
-0.2751121,-2.221519,48.01509
-0.2795635,-2.230362,48.12604
-0.2842393,-2.241503,48.24714
-0.2937339,-2.248979,48.37415
-0.3056468,-2.24688,48.48941
-0.3279995,-2.25488,48.59934
-0.3822993,-2.278469,48.7221
-0.4688323,-2.293908,48.83758
-0.5404865,-2.301607,48.9525
-0.588874,-2.307838,49.07698
-0.6268305,-2.314838,49.18793
-0.6434067,-2.31952,49.31047
-0.6563464,-2.33466,49.42235
-0.660574,-2.343346,49.53659
-0.6824262,-2.366473,49.69887
-0.7293619,-2.389324,49.81714
-0.757868,-2.401347,49.93026
-0.7884455,-2.423105,50.04524
-0.8013997,-2.443799,50.16497
-0.799366,-2.46397,50.28185
-0.7877922,-2.481498,50.41232
-0.7686639,-2.509196,50.53467
-0.7490705,-2.521422,50.64816
-0.7493702,-2.537136,50.76661
-0.7849437,-2.547991,50.88471
-0.8525333,-2.547963,51.01329
-0.9164702,-2.534402,51.16536
-0.9488238,-2.523602,51.27349
-0.965548,-2.522607,51.39408
-0.958066,-2.527273,51.51372
-0.9462049,-2.548885,51.67863
-0.9430976,-2.557638,51.78962
-0.9494093,-2.581549,51.90807
-0.9665232,-2.606056,52.03245
-1.001709,-2.633188,52.14836
-1.043389,-2.65742,52.27354
-1.086531,-2.680124,52.3903
-1.127133,-2.705636,52.51078
-1.139769,-2.730251,52.63056
-1.135298,-2.736859,52.74823
-1.109499,-2.766962,52.87961
-1.078676,-2.78952,52.99911
-1.061242,-2.799534,53.1178
-1.050081,-2.810139,53.23106
-1.055987,-2.816624,53.34572
-1.091021,-2.830872,53.46723
-1.134231,-2.839095,53.57902
-1.1853,-2.842017,53.69282
-1.244194,-2.846665,53.81843
-1.268821,-2.8504,53.94408
-1.269872,-2.859553,54.07151
-1.264765,-2.861969,54.1856
-1.242113,-2.882179,54.30341
-1.223437,-2.893483,54.42045
-1.209709,-2.901753,54.53042
-1.195549,-2.914176,54.65174
-1.194897,-2.928408,54.77131
-1.201241,-2.938158,54.8841
-1.227039,-2.96258,54.99872
-1.251781,-2.98254,55.10929
-1.28242,-3.005776,55.24523
-1.312643,-3.0237,55.36943
-1.328137,-3.035854,55.48404
-1.342278,-3.044848,55.60698
-1.35193,-3.054578,55.72991
-1.354126,-3.061008,55.85867
-1.352742,-3.065383,55.97863
-1.341537,-3.063876,56.09303
-1.32009,-3.064618,56.2137
-1.284267,-3.062704,56.32991
-1.245692,-3.063774,56.43642
-1.20112,-3.063244,56.55323
-1.16413,-3.056432,56.66763
-1.150641,-3.054511,56.77217
-1.142042,-3.054308,56.88706
-1.137886,-3.06355,57.00119
-1.147181,-3.070703,57.11655
-1.164754,-3.081103,57.22438
-1.18354,-3.090585,57.34357
-1.207467,-3.104877,57.46563
-1.224386,-3.110717,57.5718
-1.234338,-3.116897,57.69976
-1.22308,-3.115028,57.81794
-1.199405,-3.111176,57.93442
-1.142372,-3.105772,58.04925
-1.070036,-3.100565,58.15578
-0.985741,-3.088532,58.26807
-0.9132677,-3.068199,58.39105
-0.8638887,-3.053459,58.5067
-0.8462405,-3.04731,58.62919
-0.8252516,-3.047578,58.74884
-0.8252628,-3.042308,58.85721
-0.8182595,-3.037509,58.97664
-0.7999582,-3.039732,59.10695
-0.7716519,-3.045649,59.23009
-0.7139493,-3.055063,59.3443
-0.6798071,-3.055016,59.47971
-0.6480182,-3.054553,59.62951
-0.6503785,-3.059935,59.74878
-0.6748672,-3.067502,59.86655
-0.7002726,-3.072767,59.97903
-0.7744255,-3.081426,60.10131
-0.8175684,-3.079992,60.24772
-0.8574912,-3.08264,60.37773
-0.8823746,-3.098776,60.52877
-0.8851227,-3.117177,60.66742
-0.8832672,-3.13836,60.85194
-0.886075,-3.141492,60.97165
-0.8948114,-3.152622,61.09643
-0.9332652,-3.177084,61.32763
-0.9484782,-3.186385,61.46169
-0.9712444,-3.199548,61.62006
-0.9826512,-3.206921,61.74551
-0.9849775,-3.206196,61.86942
-0.9910377,-3.20903,61.98782
-0.9895164,-3.209023,62.10775
-0.9868629,-3.210629,62.22651
-0.9719644,-3.221453,62.34428
-0.9522541,-3.232342,62.47083
-0.933243,-3.244532,62.58532
-0.9172285,-3.255231,62.69424
-0.8982287,-3.259657,62.81821
-0.8915758,-3.262027,62.93381
-0.892852,-3.260476,63.05191
-0.9040172,-3.256488,63.18016
-0.9241665,-3.254997,63.31
-0.9545538,-3.258312,63.43496
-0.9965533,-3.264803,63.59084
-1.025781,-3.262815,63.70531
-1.046599,-3.262142,63.83098
-1.062607,-3.262501,63.94647
-1.064088,-3.263369,64.06566
-1.058991,-3.264402,64.18343
-1.049114,-3.268978,64.31165
-1.020147,-3.272192,64.43867
-0.9784831,-3.278057,64.54926
-0.9486809,-3.277392,64.6654
-0.9277596,-3.27744,64.77525
-0.9156305,-3.272164,64.89417
-0.9164491,-3.270331,65.01792
-0.9225166,-3.265494,65.14074
-0.9449928,-3.259315,65.2569
-0.9827338,-3.253422,65.37115
-1.039303,-3.246942,65.48492
-1.099313,-3.234318,65.61004
-1.174124,-3.208555,65.73501
-1.207326,-3.189512,65.85426
-1.220202,-3.181123,65.96872
-1.234684,-3.176144,66.08768
-1.229311,-3.18703,66.21466
-1.227987,-3.192154,66.33322
-1.225047,-3.19855,66.4539
-1.223043,-3.208381,66.57025
-1.219551,-3.216664,66.6921
-1.216233,-3.222909,66.81462
-1.21407,-3.221886,66.92725
-1.210829,-3.223243,67.0456
-1.207943,-3.225711,67.16501
-1.205299,-3.226645,67.28099
-1.200631,-3.234634,67.40644
-1.197874,-3.233037,67.52979
-1.199923,-3.235793,67.65261
-1.211038,-3.240731,67.77131
-1.228179,-3.246204,67.88693
-1.259367,-3.246432,68.01474
-1.299188,-3.239329,68.13086
-1.326028,-3.237078,68.24336
-1.362389,-3.223629,68.36181
-1.381203,-3.222318,68.48474
-1.383376,-3.228853,68.64678
-1.378683,-3.245648,68.75693
-1.366912,-3.259389,68.86369
-1.348117,-3.277957,68.9876
-1.340474,-3.302676,69.13135
-1.344531,-3.335589,69.25467
-1.351876,-3.371598,69.36507
-1.361695,-3.407161,69.47443
-1.372442,-3.442652,69.59264
-1.391346,-3.491824,69.70469
-1.399116,-3.516681,69.81924
-1.398511,-3.5343,69.95107
-1.387082,-3.539597,70.06751
-1.376115,-3.54151,70.18665
-1.368197,-3.535847,70.30375
-1.360102,-3.535764,70.4262
-1.354227,-3.535022,70.55747
-1.354634,-3.537118,70.67147
-1.358476,-3.53977,70.7844
-1.360834,-3.54649,70.90308
-1.357766,-3.555577,71.02412
-1.33316,-3.568799,71.14658
-1.307721,-3.58038,71.25668
-1.258471,-3.595019,71.37402
-1.189845,-3.609792,71.49306
-1.145259,-3.61305,71.61343
-1.107892,-3.615308,71.72615
-1.082189,-3.621904,71.85393
-1.066115,-3.631269,71.96691
-1.064278,-3.637925,72.07966
-1.056164,-3.637299,72.19359
-1.036566,-3.647377,72.30979
-1.002476,-3.649315,72.42785
-0.9448383,-3.654285,72.55228
-0.9050744,-3.649657,72.66926
-0.8780664,-3.636066,72.78411
-0.8641568,-3.622243,72.88837
-0.8585333,-3.612093,72.99672
-0.8670211,-3.600197,73.12054
-0.8815455,-3.573099,73.28191
-0.8875384,-3.563974,73.39756
-0.8824075,-3.555715,73.51775
-0.8683887,-3.545668,73.63197
-0.8449381,-3.532124,73.74567
-0.8060254,-3.504951,73.86777
-0.7817252,-3.477085,73.98845
-0.7674713,-3.460083,74.10865
-0.7664617,-3.457218,74.21876
-0.7740058,-3.454369,74.32942
-0.7707943,-3.450768,74.44572
-0.7624094,-3.45125,74.57197
-0.7302482,-3.453392,74.68723
-0.6824547,-3.459616,74.79998
-0.6157324,-3.459682,74.98143
-0.5601035,-3.457958,75.08772
-0.5297087,-3.475029,75.29322
-0.5187801,-3.487904,75.43265
-0.5029817,-3.49913,75.62043
-0.4554863,-3.517058,75.79465
-0.4094989,-3.521143,75.92646
-0.3714117,-3.524467,76.04056
-0.3544649,-3.523987,76.14782
-0.3470018,-3.531061,76.2629
-0.3611194,-3.531498,76.47733
-0.3785502,-3.51921,76.62897
-0.3875818,-3.517744,76.73634
-0.3947981,-3.519017,76.84422
-0.4032582,-3.52036,77.03423
-0.3944701,-3.530183,77.1524
-0.3780424,-3.537245,77.25735
-0.3641034,-3.541203,77.37114
-0.358341,-3.551702,77.48231
-0.3523729,-3.552509,77.66704
-0.3616235,-3.550543,77.87087
-0.3780902,-3.560877,78.08192
-0.377973,-3.566915,78.18887
-0.367042,-3.578376,78.31274
-0.3479044,-3.578322,78.46912
-0.353451,-3.57711,78.58551
-0.3752976,-3.577754,78.70885
-0.5549367,-3.548046,78.94564
-0.5943726,-3.533877,79.07697
-0.6150936,-3.526285,79.19888
-0.6293973,-3.52089,79.31853
-0.6334018,-3.518312,79.46389
-0.6279062,-3.522733,79.61082
-0.6244613,-3.526961,79.7401
-0.6200168,-3.534139,79.8631
-0.6139801,-3.539104,80.00003
-0.6069909,-3.543966,80.12696
-0.6036381,-3.548379,80.24623
-0.6179432,-3.561393,80.37047
-0.6353173,-3.581245,80.49026
-0.6525972,-3.596917,80.61298
-0.6644617,-3.611922,80.72946
-0.6635148,-3.633455,80.83727
-0.6533039,-3.656598,80.96508
-0.6220821,-3.709024,81.0864
-0.5931207,-3.750633,81.20341
-0.5605073,-3.798338,81.32491
-0.5446099,-3.824502,81.44562
-0.5475278,-3.843084,81.57554
-0.5612917,-3.881475,81.6972
-0.5839055,-3.920947,81.82188
-0.6052052,-3.952178,81.94677
-0.6231877,-3.975404,82.06293
-0.6250102,-4.003522,82.17767
-0.6126266,-4.027145,82.30711
-0.5850105,-4.0574,82.43166
-0.5485873,-4.08584,82.56154
-0.509686,-4.099637,82.66335
-0.4941599,-4.111624,82.79023
-0.4934312,-4.118793,82.93456
-0.4948979,-4.135972,83.03543
-0.5078517,-4.156148,83.17624
-0.525449,-4.164136,83.36483
-0.5267248,-4.170681,83.50626
-0.5188901,-4.176925,83.67746
-0.4755498,-4.219196,83.8134
-0.4286951,-4.230515,83.93303
-0.3716261,-4.244354,84.05516
-0.3351796,-4.249066,84.18549
-0.3196819,-4.252561,84.30878
-0.3208526,-4.24896,84.42711
-0.3400325,-4.253017,84.55174
-0.3721398,-4.24364,84.66677
-0.4125159,-4.224811,84.78807
-0.4419602,-4.211349,84.90402
-0.459104,-4.200494,85.01183
-0.4668755,-4.202353,85.13873
-0.4674281,-4.221344,85.25227
-0.4591968,-4.250269,85.36412
-0.4412518,-4.283124,85.47191
-0.4181986,-4.311409,85.59254
-0.4018817,-4.337971,85.70958
-0.4050591,-4.361882,85.82581
-0.4377891,-4.389525,85.99556
-0.4774494,-4.415091,86.12497
-0.5183224,-4.428444,86.24274
-0.5445274,-4.435502,86.36639
-0.5571051,-4.444728,86.48611
-0.5522779,-4.464024,86.61163
-0.5372477,-4.474557,86.72957
-0.5264471,-4.484086,86.84782
-0.515057,-4.495996,86.95992
-0.5028399,-4.500202,87.07309
-0.4977684,-4.500473,87.18579
-0.4971544,-4.499783,87.31071
-0.5094337,-4.502146,87.42558
-0.535455,-4.514837,87.5367
-0.5638019,-4.531548,87.64946
-0.586339,-4.541295,87.76421
-0.6065966,-4.557666,87.88217
-0.6097807,-4.572235,88.00498
-0.6070425,-4.59839,88.1255
-0.5953038,-4.625283,88.23482
-0.582188,-4.664428,88.3527
-0.5574934,-4.701151,88.46852
-0.540575,-4.726511,88.59424
-0.5254444,-4.749665,88.71951
-0.5213909,-4.763018,88.83778
-0.5208457,-4.772175,88.94885
-0.5293217,-4.787638,89.06992
-0.5451945,-4.798884,89.18706
-0.563184,-4.801557,89.3091
-0.5735229,-4.806426,89.44594
-0.5787052,-4.821692,89.55944
-0.5663579,-4.859979,89.74111
-0.5462991,-4.903072,89.84386
-0.5258493,-4.93993,89.96077
-0.4933197,-4.987957,90.08277
-0.4703839,-5.026442,90.20511
-0.4694504,-5.03367,90.31211
-0.4753756,-5.049353,90.43511
-0.4980502,-5.068904,90.66109
-0.509799,-5.069922,90.76671
-0.5311717,-5.071758,90.87495
-0.548171,-5.074823,90.99097
-0.5755082,-5.111375,91.17239
-0.5773091,-5.167154,91.36559
-0.5660283,-5.207751,91.49047
-0.5599995,-5.234536,91.61633
-0.5402319,-5.256974,91.73132
-0.5337711,-5.263089,91.86094
-0.5396543,-5.262173,91.97086
-0.5468569,-5.265429,92.09365
-0.5618226,-5.262435,92.20551
-0.5772671,-5.252499,92.32648
-0.6054999,-5.233566,92.45061
-0.6297487,-5.226673,92.5651
-0.6497406,-5.221146,92.67672
-0.6618714,-5.223781,92.79356
-0.6682974,-5.237834,92.90644
-0.6688636,-5.275884,93.03645
-0.6650127,-5.31436,93.14721
-0.6586272,-5.337574,93.25899
-0.6576751,-5.356281,93.36787
-0.6593217,-5.36738,93.47914
-0.669656,-5.368142,93.58777
-0.6852375,-5.360321,93.71063
-0.7025593,-5.335773,93.82006
-0.7367282,-5.310652,93.93172
-0.7674872,-5.27578,94.05161
-0.79094,-5.243371,94.16255
-0.8177674,-5.2178,94.28992
-0.8324956,-5.211289,94.40692
-0.8482407,-5.208753,94.52396
-0.8569493,-5.218256,94.64606
-0.862448,-5.239907,94.75581
-0.8675098,-5.272515,94.88175
-0.8638312,-5.314941,94.9959
-0.8548367,-5.346292,95.11985
-0.8548544,-5.363036,95.2316
-0.8634212,-5.375319,95.34682
-0.8758817,-5.374579,95.45901
-0.8863374,-5.372988,95.59045
-0.8893213,-5.374139,95.71198
-0.8940741,-5.389611,95.83363
-0.8958585,-5.42634,95.94711
-0.8849559,-5.494224,96.05966
-0.85386,-5.540401,96.18031
-0.8382698,-5.589256,96.29646
-0.8285774,-5.598828,96.41781
-0.8232704,-5.601982,96.52284
-0.8133531,-5.594942,96.63094
-0.8032811,-5.585415,96.75027
-0.7866468,-5.562855,96.86968
-0.7825519,-5.556314,96.98934
-0.7790669,-5.551269,97.10066
-0.7794167,-5.564001,97.22092
-0.7808751,-5.5897,97.33064
-0.774325,-5.640565,97.44567
-0.762269,-5.688087,97.57114
-0.7503623,-5.734591,97.68975
-0.745365,-5.753978,97.80641
-0.7410293,-5.760167,97.92346
-0.7403435,-5.753476,98.03164
-0.7431132,-5.741755,98.15697
-0.7423138,-5.724357,98.27846
-0.7436079,-5.714708,98.44135
-0.75067,-5.715584,98.56029
-0.7680894,-5.734808,98.66874
-0.788435,-5.761332,98.78695
-0.8114601,-5.808914,98.92104
-0.8290058,-5.853471,99.04187
-0.8348547,-5.890614,99.15006
-0.8359572,-5.901834,99.26563
-0.837354,-5.89787,99.3716
-0.8412787,-5.895474,99.48999
-0.8437214,-5.876576,99.61484
-0.8397312,-5.871087,99.72964
-0.8414471,-5.87144,99.88817
-0.8563362,-5.885904,100.003
-0.8756872,-5.915888,100.1121
-0.8965837,-5.952817,100.2335
-0.9199251,-5.983676,100.3481
-0.932994,-5.992348,100.4665
-0.9428449,-5.986504,100.5796
-0.9518484,-5.968827,100.6952
-0.9591095,-5.947916,100.8118
-0.9626935,-5.906871,100.9424
-0.9613647,-5.889271,101.0544
-0.9604431,-5.870251,101.173
-0.9605833,-5.866095,101.2922
-0.9632019,-5.87348,101.4087
-0.9669076,-5.888299,101.5198
-0.9784406,-5.925351,101.6393
-0.9934459,-5.977364,101.7612
-1.006002,-6.023776,101.8771
-1.013163,-6.07048,101.9938
-1.019698,-6.106497,102.1056
-1.014311,-6.122839,102.2286
-1.009313,-6.134316,102.3438
-1.010056,-6.12664,102.5139
-1.010266,-6.117361,102.6285
-1.005364,-6.103014,102.7408
-1.001399,-6.090918,102.8553
-0.9985569,-6.079649,102.9687
-0.9953226,-6.066582,103.0901
-0.9875894,-6.053094,103.1984
-0.9794964,-6.044431,103.3221
-0.9694872,-6.046352,103.4384
-0.9486296,-6.049613,103.5554
-0.9391017,-6.052569,103.6839
-0.9458115,-6.037268,103.7971
-0.9454452,-5.977848,103.9491
-0.9344904,-5.899964,104.0663
-0.9183318,-5.813149,104.187
-0.9133795,-5.757542,104.3168
-0.9157292,-5.729181,104.4663
-0.9178929,-5.716045,104.5858
-0.9194975,-5.716735,104.6949
-0.9292405,-5.729322,104.8494
-0.9352002,-5.732464,104.9559
-0.9492474,-5.724866,105.0643
-0.9573397,-5.69693,105.1812
-0.9700894,-5.655698,105.2908
-0.9778187,-5.648216,105.3983
-1.008717,-5.652723,105.5929
-1.063659,-5.685185,105.7355
-1.104179,-5.725481,105.9171
-1.132193,-5.735192,106.1068
-1.151688,-5.728222,106.2112
-1.172637,-5.725047,106.3262
-1.185055,-5.714092,106.4352
-1.201637,-5.69793,106.5439
-1.216565,-5.690625,106.6708
-1.225264,-5.696631,106.8081
-1.233113,-5.717134,106.9233
-1.238752,-5.763341,107.036
-1.228825,-5.812272,107.1578
-1.22156,-5.876184,107.2733
-1.211002,-5.917229,107.3945
-1.205586,-5.944748,107.5099
-1.207821,-5.95219,107.6284
-1.207812,-5.948986,107.7462
-1.205507,-5.946635,107.8968
-1.204422,-5.931946,108.0244
-1.206377,-5.924083,108.1387
-1.207314,-5.909173,108.2512
-1.212719,-5.896199,108.3622
-1.217905,-5.887742,108.4749
-1.226305,-5.883159,108.5864
-1.236656,-5.884591,108.7146
-1.251626,-5.900323,108.8352
-1.283773,-5.916794,108.9492
-1.295824,-5.956445,109.0554
-1.295528,-5.975718,109.1709
-1.29823,-5.985339,109.292
-1.302402,-5.985366,109.4097
-1.305349,-5.977532,109.5225
-1.311708,-5.954716,109.6324
-1.317924,-5.934327,109.7472
-1.332761,-5.88638,109.8655
-1.337598,-5.855371,109.9903
-1.343842,-5.825112,110.1021
-1.35388,-5.797964,110.2119
-1.36244,-5.787243,110.3317
-1.379994,-5.780566,110.4486
-1.398057,-5.786755,110.6018
-1.417097,-5.801586,110.7223
-1.435646,-5.82361,110.8281
-1.456795,-5.849733,110.939
-1.468515,-5.874349,111.0521
-1.483462,-5.899148,111.1604
-1.492937,-5.907818,111.2779
-1.497426,-5.914353,111.3967
-1.506325,-5.907966,111.5086
-1.516287,-5.892215,111.6202
-1.529553,-5.871335,111.7297
-1.54049,-5.845133,111.8363
-1.547699,-5.819442,111.953
-1.55992,-5.782965,112.0699
-1.564871,-5.760339,112.1816
-1.57017,-5.750903,112.2964
-1.585805,-5.745058,112.4536
-1.602529,-5.753843,112.5778
-1.620479,-5.771429,112.6937
-1.642424,-5.790843,112.8094
-1.663659,-5.826534,112.9318
-1.67137,-5.853281,113.0548
-1.671219,-5.872121,113.1667
-1.669051,-5.883289,113.2784
-1.673291,-5.891478,113.4038
-1.672436,-5.894861,113.5269
-1.67002,-5.8859,113.6924
-1.668533,-5.872525,113.8075
-1.675131,-5.84521,113.9214
-1.679707,-5.815835,114.031
-1.689301,-5.780141,114.1951
-1.694691,-5.754297,114.3058
-1.697467,-5.739194,114.4282
-1.701844,-5.735261,114.5436
-1.711491,-5.738573,114.6556
-1.729702,-5.750517,114.7846
-1.74542,-5.769327,114.9054
-1.761155,-5.788203,115.0262
-1.781337,-5.822801,115.1414
-1.799404,-5.856639,115.267
-1.807566,-5.874342,115.3873
-1.811998,-5.883239,115.5167
-1.812839,-5.880196,115.6436
-1.81154,-5.86859,115.7629
-1.810253,-5.849192,115.8827
-1.796602,-5.813786,116.0088
-1.787954,-5.777101,116.1276
-1.778354,-5.737471,116.2505
-1.7764,-5.724225,116.3645
-1.781468,-5.708838,116.4881
-1.790493,-5.706831,116.6039
-1.802596,-5.711487,116.7171
-1.824604,-5.722483,116.8384
-1.846512,-5.730006,116.9554
-1.86276,-5.739732,117.0678
-1.878033,-5.747909,117.1816
-1.886003,-5.748663,117.2875
-1.893807,-5.741401,117.4095
-1.895874,-5.734016,117.5247
-1.895757,-5.716558,117.6286
-1.891385,-5.699035,117.7347
-1.88235,-5.658481,117.8413
-1.861046,-5.608248,118.0053
-1.842461,-5.578938,118.1137
-1.826841,-5.55376,118.233
-1.820847,-5.544993,118.3458
-1.816104,-5.538756,118.4581
-1.820223,-5.546585,118.5869
-1.819208,-5.554532,118.7105
-1.824592,-5.56684,118.8256
-1.826988,-5.56639,118.9329
-1.82836,-5.56272,119.0511
-1.821033,-5.542212,119.1824
-1.809053,-5.508637,119.2977
-1.796766,-5.471213,119.4835
-1.786105,-5.446775,119.6279
-1.777807,-5.413427,119.7819
-1.776378,-5.406316,119.9016
-1.775102,-5.403614,120.0119
-1.779122,-5.405944,120.1257
-1.780764,-5.405131,120.2335
-1.788733,-5.412242,120.3405
-1.797707,-5.419428,120.4608
-1.823797,-5.440313,120.5735
-1.852585,-5.46501,120.6769
-1.87864,-5.48416,120.8524
-1.898763,-5.50293,120.9641
-1.916077,-5.512903,121.0716
-1.924406,-5.507412,121.2678
-1.924144,-5.503433,121.3745
-1.911425,-5.489395,121.4873
-1.891306,-5.473184,121.5953
-1.846871,-5.434475,121.7061
-1.760364,-5.360655,121.9071
-1.70718,-5.327248,122.0271
-1.68408,-5.319979,122.141
-1.672887,-5.322639,122.2534
-1.663152,-5.33391,122.364
-1.656909,-5.336633,122.4885
-1.659526,-5.342287,122.6054
-1.664083,-5.345357,122.7274
-1.662065,-5.356532,122.8413
-1.653306,-5.361721,122.9616
-1.648843,-5.364857,123.0895
-1.640357,-5.369252,123.211
-1.637916,-5.369507,123.32
-1.637456,-5.365046,123.4309
-1.629297,-5.353854,123.5437
-1.629632,-5.338432,123.6524
-1.62743,-5.295448,123.7777
-1.63141,-5.251002,123.8917
-1.638543,-5.217103,124.0008
-1.642851,-5.190567,124.1152
-1.641818,-5.165637,124.2311
-1.644219,-5.157429,124.3482
-1.648852,-5.161437,124.4679
-1.660932,-5.177863,124.5953
-1.672333,-5.199312,124.7117
-1.683069,-5.230493,124.8272
-1.68421,-5.251501,124.9405
-1.688299,-5.260123,125.0603
-1.695321,-5.251297,125.1886
-1.712981,-5.239925,125.3055
-1.724567,-5.236313,125.4122
-1.731932,-5.249211,125.5307
-1.750912,-5.258876,125.6441
-1.776224,-5.293405,125.7598
-1.80611,-5.361146,125.8882
-1.838185,-5.480639,126.0111
-1.853169,-5.537794,126.126
-1.864336,-5.56975,126.2386
-1.869068,-5.583112,126.3553
-1.88199,-5.587072,126.4672
-1.888922,-5.564906,126.5892
-1.894534,-5.54494,126.7072
-1.909928,-5.52973,126.831
-1.926636,-5.522941,126.9334
-1.967467,-5.518769,127.0484
-2.007979,-5.52052,127.1618
-2.050927,-5.5211,127.2877
-2.081937,-5.517244,127.3954
-2.102291,-5.504793,127.5156
-2.113903,-5.486784,127.6376
-2.127439,-5.446219,127.7504
-2.141003,-5.391634,127.8621
-2.147598,-5.352724,127.9985
-2.150099,-5.321138,128.1076
-2.160575,-5.294181,128.2301
-2.176021,-5.297777,128.3424
-2.183892,-5.307967,128.4576
-2.194246,-5.326471,128.573
-2.213991,-5.362514,128.7021
-2.234514,-5.41367,128.8288
-2.252519,-5.476925,128.9463
-2.27215,-5.517948,129.0639
-2.291744,-5.537516,129.1831
-2.302147,-5.546979,129.3124
-2.318764,-5.54406,129.4332
-2.331606,-5.527699,129.5452
-2.349735,-5.489882,129.6554
-2.360146,-5.466097,129.7701
-2.369512,-5.449534,129.8944
-2.389052,-5.43959,130.0066
-2.410604,-5.448945,130.1125
-2.450157,-5.471662,130.2375
-2.476514,-5.488514,130.3493
-2.518033,-5.523651,130.4605
-2.545492,-5.545213,130.5943
-2.562242,-5.552618,130.7143
-2.572477,-5.548191,130.8683
-2.579241,-5.533255,130.9873
-2.588248,-5.503168,131.1112
-2.596865,-5.465722,131.2411
-2.598825,-5.425684,131.3523
-2.593862,-5.389147,131.4616
-2.592433,-5.371243,131.5735
-2.591452,-5.357564,131.6815
-2.613112,-5.364019,131.8414
-2.633345,-5.38152,131.9626
-2.652218,-5.400811,132.0704
-2.67395,-5.427532,132.1788
-2.690336,-5.448924,132.2925
-2.709791,-5.471331,132.4515
-2.721347,-5.470769,132.5622
-2.721767,-5.472822,132.6665
-2.722043,-5.465928,132.8236
-2.720441,-5.443194,132.9422
-2.715989,-5.410807,133.0598
-2.716917,-5.376138,133.1664
-2.715323,-5.34377,133.2824
-2.710222,-5.311179,133.3939
-2.701742,-5.287498,133.5147
-2.700161,-5.274187,133.6451
-2.709288,-5.274363,133.7556
-2.726723,-5.283121,133.866
-2.748215,-5.299808,133.9865
-2.787226,-5.335234,134.1019
-2.822434,-5.37801,134.2636
-2.844953,-5.406989,134.3686
-2.875133,-5.433415,134.484
-2.887301,-5.436811,134.595
-2.912249,-5.437857,134.7079
-2.942644,-5.430068,134.8559
-2.966257,-5.413913,134.9839
-2.984833,-5.414844,135.1374
-3.029802,-5.424943,135.249
-3.056113,-5.435928,135.3627
-3.11247,-5.470369,135.4924
-3.154237,-5.496573,135.645
-3.172212,-5.493673,135.8282
-3.173984,-5.486054,135.936
-3.166456,-5.477283,136.0475
-3.14511,-5.440184,136.2707
-3.148879,-5.440589,136.4482
-3.157902,-5.439572,136.5628
-3.20699,-5.446109,136.6812
-3.260005,-5.461244,136.7993
-3.309739,-5.486122,136.9205
-3.352177,-5.504082,137.0323
-3.378159,-5.519804,137.1548
-3.38586,-5.527556,137.2731
-3.391598,-5.52875,137.3806
-3.378198,-5.524613,137.5439
-3.366357,-5.518151,137.6707
-3.352971,-5.513202,137.7853
-3.340732,-5.511126,137.9227
-3.331995,-5.502451,138.0476
-3.321795,-5.495864,138.196
-3.311182,-5.48716,138.3209
-3.298477,-5.477955,138.473
-3.30173,-5.471916,138.5858
-3.323744,-5.455019,138.7063
-3.3587,-5.433079,138.8183
-3.390465,-5.404692,138.9336
-3.430712,-5.391855,139.0555
-3.457819,-5.384626,139.1664
-3.471664,-5.377438,139.2748
-3.474247,-5.360999,139.3963
-3.463566,-5.344173,139.5165
-3.439459,-5.332601,139.6277
-3.406486,-5.319826,139.7469
-3.383276,-5.303041,139.9007
-3.380267,-5.288844,140.0569
-3.394846,-5.277545,140.1692
-3.41938,-5.267028,140.2841
-3.474957,-5.25398,140.4099
-3.513075,-5.249498,140.5271
-3.540552,-5.246472,140.6387
-3.56932,-5.238788,140.7936
-3.572741,-5.236037,140.8957
-3.572481,-5.231585,141.0033
-3.561742,-5.229732,141.1198
-3.553028,-5.229329,141.2329
-3.54037,-5.228958,141.3431
-3.52993,-5.22856,141.462
-3.521837,-5.227896,141.5739
-3.513057,-5.227048,141.6785
-3.505604,-5.227788,141.7941
-3.495887,-5.227823,141.9265
-3.492573,-5.22832,142.032
-3.494129,-5.22816,142.1402
-3.50022,-5.227058,142.2539
-3.514587,-5.218222,142.362
-3.538081,-5.194844,142.4827
-3.568138,-5.179942,142.5979
-3.600442,-5.168786,142.7113
-3.644614,-5.159753,142.8176
-3.664237,-5.158913,142.9342
-3.688756,-5.155456,143.0556
-3.703393,-5.154874,143.166
-3.703819,-5.155487,143.2743
-3.692895,-5.150686,143.392
-3.678152,-5.155913,143.504
-3.664262,-5.163423,143.6087
-3.650573,-5.172437,143.7338
-3.643261,-5.176353,143.8478
-3.641188,-5.177058,143.9653
-3.648026,-5.166673,144.0835
-3.662077,-5.158077,144.1954
-3.686886,-5.137311,144.3104
-3.734232,-5.110554,144.4246
-3.772296,-5.094867,144.5317
-3.80988,-5.084427,144.6404
-3.852051,-5.079095,144.7888
-3.861354,-5.081529,144.9051
-3.865785,-5.074779,145.0118
-3.862525,-5.07234,145.1235
-3.844666,-5.071886,145.2422
-3.816285,-5.070745,145.3986
-3.772861,-5.068929,145.5215
-3.722455,-5.075107,145.6717
-3.682421,-5.082367,145.7937
-3.656375,-5.086691,145.9118
-3.632438,-5.089858,146.0228
-3.625305,-5.081836,146.1431
-3.625308,-5.074574,146.258
-3.630569,-5.056761,146.3647
-3.6443,-5.024604,146.4761
-3.674104,-4.984042,146.6218
-3.704329,-4.929574,146.7766
-3.730726,-4.913092,146.8902
-3.748152,-4.900245,147.0015
-3.758666,-4.888854,147.1149
-3.764336,-4.882401,147.2234
-3.768125,-4.877855,147.3391
-3.75929,-4.874344,147.4482
-3.744653,-4.870205,147.564
-3.732612,-4.868565,147.6683
-3.706153,-4.867625,147.7807
-3.6777,-4.869284,147.8969
-3.662919,-4.873678,148.0251
-3.663141,-4.869635,148.1772
-3.679727,-4.861467,148.2961
-3.71082,-4.847473,148.415
-3.766474,-4.828739,148.5302
-3.827748,-4.811078,148.6491
-3.889827,-4.79824,148.7676
-3.933837,-4.78895,148.8822
-3.949697,-4.791682,148.9973
-3.957493,-4.789361,149.1158
-3.95374,-4.778746,149.2319
-3.936759,-4.771622,149.3548
-3.916872,-4.765752,149.4689
-3.896951,-4.761532,149.6127
-3.883233,-4.758802,149.7218
-3.886352,-4.748291,149.8364
-3.9144,-4.726199,149.9452
-3.935005,-4.710334,150.0596
-3.990316,-4.685502,150.2537
-4.017435,-4.677736,150.394
-4.02386,-4.671652,150.5723
-3.994022,-4.672669,150.77
-3.97631,-4.671397,150.8797
-3.945987,-4.676615,150.9949
-3.87336,-4.692933,151.2022
-3.859263,-4.698102,151.3622
-3.857888,-4.694498,151.4786
-3.869131,-4.684087,151.6129
-3.916219,-4.651203,151.8013
-3.951093,-4.638813,151.989
-3.962582,-4.637416,152.1139
-3.96423,-4.643041,152.2245
-3.947521,-4.644601,152.4092
-3.932708,-4.641054,152.5171
-3.901978,-4.637455,152.6273
-3.848223,-4.644576,152.8051
-3.82902,-4.651315,152.9244
-3.807245,-4.660283,153.029
-3.795505,-4.662986,153.2113
-3.794813,-4.663127,153.3252
-3.796218,-4.666083,153.4358
-3.789899,-4.666832,153.558
-3.752255,-4.656599,153.6721
-3.728171,-4.659211,153.8447
-3.727644,-4.66066,153.964
-3.750136,-4.652779,154.0802
-3.797428,-4.642537,154.195
-3.920642,-4.630673,154.3168
-4.008535,-4.63404,154.4329
-4.052832,-4.63851,154.556
-4.070764,-4.647971,154.6713
-4.083233,-4.652646,154.7846
-4.077458,-4.667315,154.9507
-4.070098,-4.678305,155.0963
-4.062703,-4.685131,155.2166
-4.062046,-4.687528,155.323
-4.063813,-4.687344,155.4388
-4.076081,-4.691208,155.5515
-4.092741,-4.6926,155.6708
-4.129637,-4.68473,155.7861
-4.182698,-4.671707,155.8911
-4.256098,-4.658939,156.0029
-4.296412,-4.650836,156.1228
-4.31908,-4.64439,156.2415
-4.31979,-4.638412,156.3486
-4.312087,-4.633715,156.4614
-4.298309,-4.637375,156.5706
-4.287681,-4.639142,156.6779
-4.286061,-4.639358,156.786
-4.298562,-4.621919,156.9364
-4.309937,-4.606462,157.0488
-4.325375,-4.594244,157.1599
-4.325541,-4.584916,157.2715
-4.312473,-4.57834,157.3873
-4.278347,-4.577459,157.5076
-4.222731,-4.588384,157.6274
-4.1673,-4.607868,157.7431
-4.136959,-4.611896,157.8599
-4.126475,-4.613896,157.9695
-4.097801,-4.618047,158.1007
-4.086592,-4.606064,158.2422
-4.050385,-4.601906,158.3951
-3.996416,-4.611263,158.5074
-3.943687,-4.620368,158.6232
-3.911965,-4.618971,158.7448
-3.871184,-4.642097,158.8684
-3.879823,-4.625881,158.9725
-3.877064,-4.616932,159.0818
-3.884859,-4.595638,159.2038
-3.901259,-4.578929,159.3239
-3.913858,-4.573305,159.4429
-3.926588,-4.564318,159.5531
-3.923113,-4.561334,159.6695
-3.905719,-4.566929,159.7775
-3.866764,-4.575528,159.8912
-3.826534,-4.590333,160.0101
-3.810697,-4.600704,160.1189
-3.800534,-4.607989,160.2383
-3.806772,-4.604456,160.3509
-3.822875,-4.601454,160.4652
-3.838663,-4.594292,160.5835
-3.864266,-4.58582,160.7096
-3.886534,-4.580106,160.8186
-3.910646,-4.572235,160.9288
-3.937589,-4.562184,161.0441
-3.960359,-4.553685,161.1517
-3.976021,-4.550501,161.2746
-3.983866,-4.555531,161.3986
-3.975808,-4.5632,161.5086
-3.962287,-4.572127,161.614
-3.933368,-4.578399,161.7262
-3.89672,-4.593071,161.8313
-3.838763,-4.616381,161.9512
-3.775599,-4.648307,162.0657
-3.739477,-4.671788,162.1768
-3.709268,-4.69491,162.2881
-3.695891,-4.709179,162.3984
-3.691195,-4.709934,162.5077
-3.698872,-4.717536,162.6272
-3.703016,-4.717433,162.7412
-3.70701,-4.721023,162.8521
-3.714326,-4.725911,162.9621
-3.719137,-4.730927,163.0749
-3.717719,-4.737224,163.1884
-3.70322,-4.735705,163.3129
-3.686996,-4.733575,163.4338
-3.662314,-4.733288,163.5413
-3.619016,-4.73418,163.653
-3.581591,-4.722651,163.8049
-3.576156,-4.709799,163.9639
-3.59768,-4.687931,164.0694
-3.63204,-4.661643,164.1874
-3.695867,-4.63509,164.2975
-3.746056,-4.624708,164.4032
-3.830786,-4.610363,164.5138
-3.87233,-4.612557,164.7055
-3.877631,-4.609523,164.8092
-3.883023,-4.602876,164.927
-3.870356,-4.596677,165.048
-3.865432,-4.59433,165.1707
-3.856136,-4.59297,165.2963
-3.84956,-4.589796,165.4289
-3.841657,-4.593168,165.5368
-3.823628,-4.609983,165.683
-3.792358,-4.61499,165.7907
-3.711745,-4.623713,165.9437
-3.615009,-4.657231,166.1237
-3.594815,-4.663682,166.2411
-3.579694,-4.671236,166.3482
-3.601399,-4.683697,166.5308
-3.600929,-4.693058,166.6498
-3.614679,-4.697422,166.7616
-3.62084,-4.699146,166.9561
-3.625569,-4.700741,167.0686
-3.629985,-4.700434,167.1769
-3.630739,-4.695749,167.3011
-3.632351,-4.692667,167.419
-3.633328,-4.6928,167.539
-3.634511,-4.693512,167.653
-3.636991,-4.690311,167.7683
-3.640372,-4.687152,167.8777
-3.642903,-4.688592,168.0007
-3.639094,-4.690091,168.1153
-3.628285,-4.684325,168.2285
-3.605707,-4.67214,168.3552
-3.581472,-4.662582,168.4713
-3.542225,-4.649532,168.5816
-3.515033,-4.638611,168.693
-3.489446,-4.631935,168.8102
-3.493179,-4.628206,168.9696
-3.506174,-4.624307,169.0805
-3.518585,-4.620282,169.1877
-3.53213,-4.626283,169.3062
-3.532857,-4.625875,169.4186
-3.514009,-4.613703,169.5446
-3.492259,-4.602531,169.658
-3.452357,-4.580158,169.7694
-3.422886,-4.562468,169.8807
-3.399617,-4.544241,169.9966
-3.396241,-4.529727,170.1229
-3.403679,-4.510529,170.2262
-3.418868,-4.488492,170.3372
-3.451234,-4.457529,170.4591
-3.493386,-4.432293,170.5676
-3.531226,-4.411463,170.6905
-3.557642,-4.386371,170.8419
-3.558793,-4.368613,170.9498
-3.553439,-4.354182,171.0653
-3.542056,-4.331988,171.1699
-3.520027,-4.308444,171.2944
-3.509578,-4.292557,171.4051
-3.496114,-4.275748,171.5186
-3.484141,-4.264025,171.6259
-3.481928,-4.249011,171.7432
-3.48678,-4.235128,171.856
-3.499874,-4.224736,171.9693
-3.521631,-4.2054,172.0772
-3.539464,-4.186792,172.1841
-3.568751,-4.170594,172.296
-3.589151,-4.15904,172.4114
-3.609825,-4.146431,172.5377
-3.61824,-4.139965,172.6481
-3.619442,-4.13457,172.767
-3.618055,-4.132522,172.8819
-3.614594,-4.125841,172.9906
-3.597646,-4.116879,173.1132
-3.570541,-4.104129,173.2401
-3.536498,-4.090055,173.3516
-3.511145,-4.079275,173.4621
-3.486304,-4.068642,173.6154
-3.471215,-4.060638,173.7256
-3.461509,-4.048904,173.8432
-3.457752,-4.04057,173.9578
-3.4602,-4.033784,174.0712
-3.472842,-4.00987,174.1752
-3.493226,-3.977813,174.2865
-3.514251,-3.943772,174.3945
-3.540287,-3.915936,174.5138
-3.579301,-3.881824,174.6317
-3.591033,-3.865268,174.746
-3.600394,-3.851445,174.8513
-3.603137,-3.847293,174.9635
-3.602024,-3.85172,175.0667
-3.597451,-3.852751,175.1806
-3.590615,-3.854005,175.2974
-3.574404,-3.862358,175.4101
-3.568903,-3.873268,175.5144
-3.567796,-3.892702,175.6297
-3.583064,-3.90586,175.7644
-3.599577,-3.924364,175.8786
-3.633314,-3.929704,175.9913
-3.682194,-3.93756,176.1101
-3.733912,-3.944459,176.2256
-3.760828,-3.951719,176.3302
-3.791193,-3.962886,176.4607
-3.796332,-3.954483,176.5777
-3.800054,-3.948003,176.6906
-3.794812,-3.941199,176.8039
-3.7894,-3.941754,176.9172
-3.791903,-3.936509,177.0309
-3.803275,-3.930953,177.1553
-3.817752,-3.930262,177.2751
-3.841099,-3.940037,177.3825
-3.848546,-3.947752,177.493
-3.844623,-3.95248,177.5942
-3.835865,-3.960461,177.6996
-3.80855,-3.981202,177.8177
-3.77323,-4.010612,177.9273
-3.74317,-4.044435,178.0298
-3.712398,-4.087398,178.1422
-3.690492,-4.115633,178.2484
-3.679491,-4.133298,178.3628
-3.675066,-4.141126,178.4876
-3.6805,-4.14215,178.6065
-3.670359,-4.146139,178.718
-3.644734,-4.138748,178.8363
-3.568673,-4.143664,178.9551
-3.528905,-4.145549,179.0657
-3.495606,-4.145626,179.17
-3.4738,-4.133224,179.3004
-3.461493,-4.105542,179.4686
-3.460105,-4.058975,179.6821
-3.473096,-4.017179,179.8319
-3.476599,-3.98812,179.9499
-3.47052,-3.96214,180.0638
-3.46406,-3.955611,180.1761
-3.43264,-3.933358,180.287
-3.407248,-3.921696,180.3987
-3.348889,-3.897372,180.5422
-3.30923,-3.885131,180.7326
-3.299565,-3.863401,180.8689
-3.315491,-3.799031,181.0975
-3.359264,-3.76069,181.2849
-3.385763,-3.741261,181.4058
-3.391754,-3.722138,181.5477
-3.391494,-3.718901,181.6596
-3.383421,-3.709416,181.77
-3.371094,-3.7071,181.8912
-3.370084,-3.706637,182.0039
-3.368716,-3.702984,182.1193
-3.367598,-3.699709,182.2385
-3.360029,-3.694445,182.3569
-3.340212,-3.692502,182.4637
-3.31437,-3.692372,182.5719
-3.280767,-3.702393,182.6854
-3.222264,-3.723436,182.8109
-3.162991,-3.759516,182.9209
-3.140605,-3.77775,183.0355
-3.116577,-3.810085,183.157
-3.109995,-3.840863,183.2676
-3.104872,-3.871207,183.3864
-3.07724,-3.897395,183.5052
-3.070298,-3.899858,183.6197
-3.044282,-3.900838,183.7355
-3.002064,-3.90059,183.8418
-2.927537,-3.913013,183.9734
-2.885861,-3.922661,184.0865
-2.868288,-3.927014,184.1983
-2.861985,-3.926577,184.3158
-2.87217,-3.927506,184.4299
-2.871265,-3.932277,184.544
-2.882599,-3.9297,184.6639
-2.883341,-3.932415,184.779
-2.876256,-3.928031,184.9001
-2.858622,-3.92432,185.0171
-2.831647,-3.921064,185.1283
-2.785593,-3.915879,185.2497
-2.737008,-3.913203,185.3626
-2.693265,-3.918809,185.4702
-2.654169,-3.927111,185.5874
-2.637352,-3.931212,185.705
-2.63263,-3.933573,185.8122
-2.641834,-3.933115,185.978
-2.651797,-3.936111,186.0855
-2.666129,-3.936415,186.1986
-2.676444,-3.937706,186.3
-2.68076,-3.940935,186.4052
-2.678772,-3.943171,186.5219
-2.667594,-3.944098,186.6378
-2.647679,-3.944907,186.7478
-2.592173,-3.945872,186.8811
-2.557831,-3.953128,186.9947
-2.506604,-3.966888,187.1179
-2.492335,-3.970677,187.2288
-2.486566,-3.980537,187.3464
-2.498831,-3.98876,187.4534
-2.519605,-3.999355,187.565
-2.525796,-4.012292,187.6787
-2.536666,-4.021883,187.8072
-2.541309,-4.026692,187.9138
-2.536659,-4.02596,188.0292
-2.524203,-4.021377,188.1377
-2.504168,-4.019945,188.244
-2.47023,-4.015346,188.3539
-2.442025,-4.011761,188.473
-2.407427,-4.010889,188.6334
-2.387671,-4.006781,188.7466
-2.382745,-4.007048,188.8598
-2.385569,-4.006362,188.9695
-2.399065,-4.001904,189.0762
-2.424595,-4.001267,189.1935
-2.438844,-4.000733,189.3106
-2.452755,-4.000405,189.4297
-2.454622,-3.997394,189.5426
-2.447505,-3.986607,189.6933
-2.433958,-3.977048,189.8142
-2.400162,-3.958506,189.9289
-2.360819,-3.941107,190.0334
-2.321847,-3.923151,190.1486
-2.292377,-3.906881,190.2664
-2.276768,-3.895489,190.3767
-2.274689,-3.878503,190.4982
-2.284687,-3.857885,190.617
-2.291655,-3.850674,190.7318
-2.295706,-3.841758,190.8351
-2.287719,-3.822319,190.9538
-2.271148,-3.791414,191.0685
-2.24641,-3.752271,191.1979
-2.211808,-3.70899,191.3087
-2.179136,-3.665511,191.4285
-2.172276,-3.63314,191.5448
-2.179068,-3.62327,191.6524
-2.20351,-3.614312,191.7667
-2.209686,-3.611058,191.8723
-2.213316,-3.61787,191.9933
-2.221353,-3.627041,192.1168
-2.238769,-3.631283,192.2305
-2.264858,-3.648613,192.3365
-2.322843,-3.690178,192.4519
-2.406914,-3.774116,192.5699
-2.442561,-3.840663,192.6972
-2.462264,-3.877727,192.8034
-2.474958,-3.904043,192.9222
-2.462557,-3.950746,193.0798
-2.441846,-3.989414,193.194
-2.424735,-4.006164,193.3095
-2.41693,-4.020484,193.4364
-2.408273,-4.033413,193.5857
-2.405164,-4.036034,193.7008
-2.403915,-4.038611,193.8148
-2.407693,-4.038365,193.9211
-2.424152,-4.028314,194.0378
-2.447316,-4.015227,194.1628
-2.484794,-3.986839,194.2717
-2.50662,-3.974026,194.3795
-2.56931,-3.940776,194.4905
-2.657235,-3.922942,194.6049
-2.696889,-3.91302,194.7119
-2.717134,-3.905912,194.8612
-2.724063,-3.898435,194.9864
-2.730911,-3.890057,195.1014
-2.735626,-3.883149,195.2089
-2.750506,-3.866904,195.3442
-2.785387,-3.844588,195.486
-2.833106,-3.813012,195.6243
-2.953015,-3.768922,195.838
-3.035282,-3.745345,196.0627
-3.043774,-3.73984,196.2266
-3.043926,-3.735065,196.3413
-3.029607,-3.733156,196.4449
-3.022724,-3.732161,196.5594
-3.01827,-3.736055,196.681
-3.025113,-3.733063,196.8043
-3.039891,-3.731894,196.9117
-3.072473,-3.724511,197.0271
-3.120689,-3.714436,197.1452
-3.170346,-3.71147,197.2518
-3.227294,-3.708602,197.3737
-3.247603,-3.712631,197.4933
-3.262245,-3.718591,197.6067
-3.26053,-3.732011,197.7192
-3.267422,-3.744571,197.832
-3.271288,-3.756119,197.9509
-3.282601,-3.752411,198.0708
-3.314299,-3.735403,198.1804
-3.356587,-3.716119,198.3006
-3.407272,-3.684425,198.407
-3.449904,-3.655149,198.5224
-3.50173,-3.62099,198.6462
-3.544912,-3.59117,198.7603
-3.552764,-3.574207,198.8707
-3.554092,-3.553348,198.9913
-3.54268,-3.535989,199.1069
-3.513108,-3.516179,199.2239
-3.479762,-3.500672,199.3477
-3.44429,-3.483052,199.4656
-3.433307,-3.45779,199.5762
-3.433091,-3.422744,199.6869
-3.433319,-3.36879,199.8073
-3.436818,-3.314305,199.9373
-3.434608,-3.282434,200.0518
-3.415054,-3.25023,200.163
-3.37114,-3.215973,200.322
-3.329839,-3.193798,200.4381
-3.285071,-3.180668,200.5447
-3.251485,-3.165994,200.6656
-3.238436,-3.15576,200.7726
-3.232254,-3.147557,200.8794
-3.245355,-3.136608,201.0236
-3.250263,-3.128474,201.1356
-3.255908,-3.126608,201.2505
-3.262795,-3.124784,201.3607
-3.262235,-3.128639,201.4734
-3.255136,-3.132438,201.5865
-3.241769,-3.133554,201.6923
-3.207621,-3.13279,201.8363
-3.165786,-3.138304,201.9545
-3.146952,-3.141988,202.0635
-3.130414,-3.144645,202.2079
-3.126928,-3.139793,202.3329
-3.132452,-3.119803,202.4462
-3.145378,-3.088803,202.5545
-3.168324,-3.057918,202.6854
-3.20117,-3.030511,202.8056
-3.218039,-3.011502,202.9129
-3.221432,-2.993635,203.0277
-3.222326,-2.977172,203.1418
-3.214536,-2.957308,203.252
-3.197085,-2.924772,203.4145
-3.18009,-2.902142,203.5217
-3.171936,-2.884303,203.6272
-3.159195,-2.864903,203.7473
-3.157109,-2.843661,203.8617
-3.166876,-2.819249,203.9823
-3.184748,-2.788469,204.0968
-3.203909,-2.758483,204.2174
-3.238404,-2.730339,204.3314
-3.298165,-2.694272,204.4866
-3.322459,-2.678952,204.6062
-3.333429,-2.670316,204.7355
-3.34075,-2.657056,204.8542
-3.339306,-2.647892,204.9645
-3.330138,-2.640158,205.0782
-3.300766,-2.633272,205.1962
-3.269148,-2.636252,205.3127
-3.245181,-2.644812,205.4187
-3.21966,-2.647754,205.5784
-3.196342,-2.652708,205.6957
-3.179496,-2.660001,205.8056
-3.176752,-2.667564,205.9214
-3.177883,-2.661781,206.0343
-3.175436,-2.646534,206.1454
-3.191915,-2.617274,206.2701
-3.221483,-2.565212,206.3953
-3.254429,-2.512112,206.5047
-3.279655,-2.488416,206.6131
-3.303893,-2.459395,206.7223
-3.308032,-2.443584,206.8313
-3.303992,-2.42588,206.9615
-3.296041,-2.408087,207.0785
-3.272158,-2.392107,207.1951
-3.253648,-2.374856,207.307
-3.233001,-2.35568,207.4209
-3.226261,-2.333364,207.5365
-3.228508,-2.309951,207.6568
-3.240727,-2.267881,207.7758
-3.262383,-2.19142,207.9232
-3.277612,-2.152055,208.0383
-3.288136,-2.1195,208.1464
-3.29293,-2.09724,208.2573
-3.289451,-2.090974,208.3636
-3.276689,-2.085036,208.4996
-3.264271,-2.083829,208.6132
-3.248314,-2.087446,208.7299
-3.231867,-2.093252,208.8391
-3.219105,-2.098871,208.9529
-3.205595,-2.101085,209.0842
-3.193391,-2.098893,209.2016
-3.17767,-2.102432,209.3131
-3.17541,-2.106189,209.4291
-3.175149,-2.107079,209.5345
-3.178424,-2.096181,209.6488
-3.184113,-2.08565,209.7989
-3.199783,-2.070741,209.9044
-3.213808,-2.069246,210.0215
-3.223957,-2.066047,210.1348
-3.235452,-2.072511,210.2455
-3.258142,-2.04569,210.3735
-3.315229,-2.009308,210.495
-3.387189,-1.97643,210.6053
-3.4421,-1.959463,210.7171
-3.498009,-1.941916,210.8323
-3.523782,-1.935073,210.9478
-3.537991,-1.930794,211.0569
-3.540313,-1.931972,211.1724
-3.535537,-1.938225,211.2956
-3.534276,-1.925416,211.4388
-3.530181,-1.885333,211.55
-3.536355,-1.841332,211.6666
-3.539696,-1.805337,211.7777
-3.537981,-1.779802,211.8952
-3.516206,-1.765551,212.0322
-3.459904,-1.771234,212.2507
-3.40784,-1.792752,212.4555
-3.342244,-1.832698,212.5658
-3.313154,-1.849322,212.6836
-3.282289,-1.845649,212.8229
-3.269632,-1.844097,212.9478
-3.26987,-1.837212,213.0569
-3.262819,-1.821847,213.1751
-3.261187,-1.812864,213.2927
-3.251088,-1.803843,213.4005
-3.237388,-1.80039,213.5127
-3.207024,-1.801853,213.6396
-3.175773,-1.822887,213.7514
-3.136694,-1.83989,213.8656
-3.10773,-1.850184,213.9818
-3.05973,-1.858982,214.1441
-3.041717,-1.852091,214.273
-3.036097,-1.834671,214.3855
-3.032903,-1.813914,214.4979
-3.03003,-1.780696,214.6121
-3.031379,-1.754435,214.7291
-3.032145,-1.728376,214.836
-3.022288,-1.715799,214.9539
-3.005355,-1.710324,215.0718
-2.991521,-1.70527,215.1802
-2.976491,-1.700067,215.2906
-2.958963,-1.694542,215.4028
-2.954103,-1.682001,215.5086
-2.950574,-1.653568,215.6357
-2.954609,-1.609292,215.7515
-2.96386,-1.565575,215.8579
-2.978047,-1.520826,215.9704
-2.997419,-1.478897,216.0786
-3.004006,-1.453721,216.1892
-3.005414,-1.444108,216.3018
-3.001309,-1.445417,216.4143
-2.991439,-1.452775,216.5313
-2.983725,-1.458622,216.6488
-2.974252,-1.468947,216.7635
-2.964945,-1.482674,216.8766
-2.950212,-1.499547,216.9921
-2.941316,-1.506544,217.119
-2.936103,-1.509264,217.2326
-2.935797,-1.501149,217.3393
-2.935339,-1.484577,217.4532
-2.935614,-1.470459,217.5612
-2.939325,-1.436147,217.6696
-2.951262,-1.40128,217.7883
-2.963364,-1.367208,217.8908
-2.972471,-1.350304,218.006
-2.981279,-1.332959,218.1094
-2.986699,-1.32487,218.224
-2.990374,-1.320411,218.329
-2.991854,-1.322678,218.4486
-2.983551,-1.331116,218.5661
-2.976395,-1.347189,218.6814
-2.961761,-1.368578,218.7868
-2.941415,-1.410283,218.9
-2.916905,-1.462403,219.015
-2.899482,-1.511017,219.1262
-2.88131,-1.544301,219.2554
-2.863936,-1.550263,219.3698
-2.854746,-1.561044,219.4824
-2.850874,-1.564672,219.5859
-2.848838,-1.565441,219.694
-2.847671,-1.552624,219.8051
-2.848699,-1.530323,219.9292
-2.846009,-1.508423,220.0424
-2.842916,-1.465652,220.1542
-2.848556,-1.427584,220.2645
-2.857271,-1.394866,220.3833
-2.857675,-1.365698,220.5315
-2.845191,-1.361658,220.658
-2.827982,-1.364256,220.7643
-2.806659,-1.371298,220.88
-2.782442,-1.389052,220.9925
-2.757645,-1.405071,221.1054
-2.734798,-1.416908,221.2203
-2.721228,-1.415445,221.3352
-2.706536,-1.409136,221.4448
-2.691678,-1.385022,221.5575
-2.680415,-1.357375,221.6675
-2.66607,-1.321664,221.7765
-2.653725,-1.267356,221.8837
-2.649655,-1.219743,221.9877
-2.653067,-1.183532,222.1101
-2.663135,-1.151314,222.2686
-2.663882,-1.142327,222.3773
-2.656197,-1.147636,222.4838
-2.652674,-1.152831,222.5907
-2.645786,-1.166898,222.6989
-2.622324,-1.217411,222.8132
-2.612596,-1.249398,222.9212
-2.598336,-1.294504,223.0337
-2.580026,-1.344671,223.1437
-2.562804,-1.376397,223.2627
-2.547404,-1.389632,223.3875
-2.532924,-1.390247,223.5003
-2.523117,-1.378628,223.6099
-2.510661,-1.359357,223.7262
-2.493617,-1.325788,223.8311
-2.460741,-1.272053,223.9443
-2.447315,-1.232795,224.0665
-2.435292,-1.204224,224.1687
-2.424487,-1.182506,224.2819
-2.416788,-1.181865,224.4243
-2.410503,-1.190154,224.5307
-2.400342,-1.201531,224.6472
-2.381719,-1.232319,224.7562
-2.370412,-1.251677,224.8618
-2.357138,-1.270742,224.9732
-2.351394,-1.282975,225.0842
-2.343263,-1.282966,225.1911
-2.333909,-1.271441,225.3342
-2.29784,-1.245465,225.5236
-2.259591,-1.205274,225.7182
-2.242702,-1.190577,225.8271
-2.22979,-1.178949,225.9351
-2.213568,-1.193701,226.1247
-2.197871,-1.21617,226.2603
-2.172302,-1.272772,226.4099
-2.153367,-1.32624,226.6036
-2.146805,-1.339057,226.7393
-2.135075,-1.339482,226.8707
-2.115514,-1.326725,226.9711
-2.096153,-1.317326,227.0778
-2.072307,-1.278187,227.2121
-2.068382,-1.252417,227.3623
-2.061362,-1.237045,227.6053
-2.067473,-1.25145,227.7733
-2.073906,-1.26097,227.8795
-2.089867,-1.288628,227.9945
-2.150415,-1.352647,228.1687
-2.199281,-1.394169,228.272
-2.229517,-1.410116,228.4086
-2.262698,-1.416386,228.5108
-2.305343,-1.4093,228.6174
-2.355473,-1.390037,228.7913
-2.410249,-1.381468,228.9088
-2.437471,-1.383846,229.0196
-2.458202,-1.387967,229.1292
-2.470365,-1.398006,229.2472
-2.483901,-1.418676,229.3651
-2.50103,-1.457957,229.4795
-2.518582,-1.496466,229.5906
-2.535914,-1.537598,229.6955
-2.549534,-1.568498,229.8042
-2.549487,-1.582817,229.919
-2.539526,-1.589916,230.0388
-2.518035,-1.595172,230.1512
-2.470384,-1.603621,230.2618
-2.414088,-1.593655,230.3692
-2.372602,-1.589674,230.4813
-2.340673,-1.596033,230.5938
-2.314211,-1.607206,230.7124
-2.303085,-1.605094,230.8222
-2.296944,-1.595504,230.9315
-2.282675,-1.572904,231.0425
-2.275375,-1.527915,231.1871
-2.274812,-1.464888,231.3024
-2.290918,-1.328779,231.4281
-2.305818,-1.251844,231.574
-2.318503,-1.213194,231.686
-2.321276,-1.19483,231.8066
-2.317557,-1.190674,231.9139
-2.321527,-1.192685,232.0197
-2.327862,-1.189378,232.143
-2.331298,-1.183605,232.2546
-2.322869,-1.170766,232.3566
-2.305704,-1.144043,232.4729
-2.278089,-1.107006,232.5783
-2.24574,-1.057906,232.6952
-2.230102,-1.020861,232.81
-2.211169,-0.9972854,232.9287
-2.195532,-1.001331,233.0414
-2.179565,-1.014138,233.1527
-2.154318,-1.060025,233.2614
-2.133184,-1.104927,233.364
-2.120121,-1.136641,233.4785
-2.102195,-1.170459,233.5991
-2.080719,-1.195332,233.7055
-2.053825,-1.199173,233.8159
-2.024604,-1.19506,233.917
-1.982455,-1.187067,234.027
-1.951653,-1.173159,234.1419
-1.916656,-1.161107,234.2545
-1.898827,-1.163661,234.3738
-1.874497,-1.173296,234.4865
-1.853861,-1.197564,234.5921
-1.831685,-1.21973,234.7009
-1.784472,-1.256587,234.8131
-1.763983,-1.30102,234.9226
-1.741876,-1.345833,235.0419
-1.726759,-1.364657,235.1566
-1.710912,-1.37185,235.2618
-1.695394,-1.368559,235.3842
-1.672937,-1.347563,235.496
-1.655254,-1.314517,235.6119
-1.623564,-1.259827,235.7248
-1.593556,-1.167276,235.8567
-1.58846,-1.116135,235.9737
-1.583436,-1.0734,236.0802
-1.574184,-1.047691,236.1988
-1.57047,-1.02593,236.3145
-1.58084,-1.012796,236.4172
-1.582757,-0.9938065,236.5752
-1.581344,-0.9615151,236.6873
-1.571328,-0.9251993,236.7981
-1.566232,-0.875822,236.9072
-1.567096,-0.7913935,237.0417
-1.571898,-0.7672003,237.1663
-1.57902,-0.7576987,237.2733
-1.591521,-0.7537872,237.3815
-1.611289,-0.7682574,237.4982
-1.635656,-0.787109,237.6082
-1.660287,-0.807658,237.7182
-1.687109,-0.8203525,237.8406
-1.70101,-0.8238026,237.9469
-1.712746,-0.8229302,238.0617
-1.721867,-0.8116866,238.1666
-1.73301,-0.799081,238.2694
-1.745602,-0.7911465,238.3987
-1.754723,-0.7950434,238.5087
-1.754137,-0.809221,238.6176
-1.755713,-0.8327513,238.7297
-1.755725,-0.8734895,238.8357
-1.758777,-0.9308029,238.9495
-1.771501,-0.9804849,239.0712
-1.780466,-1.013676,239.1886
-1.784408,-1.047009,239.3323
-1.783052,-1.053487,239.4734
-1.778583,-1.055864,239.5835
-1.759421,-1.0392,239.7547
-1.748109,-1.034274,239.9138
-1.749379,-1.04845,240.0294
-1.749157,-1.06494,240.1423
-1.751333,-1.089942,240.2441
-1.753324,-1.126264,240.3505
-1.761286,-1.164919,240.4676
-1.781587,-1.221158,240.5701
-1.788704,-1.240638,240.7146
-1.793387,-1.262779,240.8883
-1.790592,-1.25889,240.9962
-1.776366,-1.242934,241.0967
-1.747116,-1.203834,241.3015
-1.724475,-1.175024,241.5018
-1.718499,-1.174649,241.6167
-1.711924,-1.179401,241.7185
-1.68386,-1.217618,241.891
-1.671653,-1.245318,242.013
-1.662774,-1.266717,242.1213
-1.648725,-1.30165,242.2524
-1.630304,-1.323557,242.3555
-1.61007,-1.330813,242.5227
-1.593679,-1.319639,242.6466
-1.578723,-1.29603,242.7615
-1.556521,-1.2676,242.8893
-1.537941,-1.222594,242.9956
-1.528722,-1.177437,243.1129
-1.522992,-1.140354,243.2298
-1.518708,-1.12528,243.3563
-1.518446,-1.123152,243.4568
-1.51908,-1.12222,243.5879
-1.517315,-1.14236,243.7035
-1.512407,-1.154797,243.8288
-1.512926,-1.161359,243.9556
-1.506671,-1.160851,244.078
-1.485031,-1.145178,244.2019
-1.463113,-1.123207,244.3029
-1.438408,-1.089226,244.4279
-1.407943,-1.044737,244.5479
-1.391021,-1.007218,244.6656
-1.379064,-0.9729835,244.7898
-1.373029,-0.9546697,244.9183
-1.365597,-0.9609961,245.0737
-1.367636,-0.9856136,245.2302
-1.367716,-1.020033,245.3308
-1.373605,-1.065666,245.4547
-1.381262,-1.097749,245.5639
-1.385876,-1.133227,245.6924
-1.385172,-1.159796,245.8121
-1.380448,-1.173629,245.9301
-1.368034,-1.177515,246.0467
-1.350809,-1.173643,246.1711
-1.328065,-1.161163,246.2764
-1.305655,-1.147599,246.3797
-1.270423,-1.11943,246.4804
-1.213305,-1.070486,246.6331
-1.189892,-1.011085,246.7455
-1.178596,-0.9897189,246.8604
-1.170521,-0.9772758,246.968
-1.164507,-0.9700996,247.0851
-1.160102,-0.9702409,247.2132
-1.160421,-0.9792317,247.3321
-1.16019,-1.001726,247.4521
-1.161762,-1.022875,247.5878
-1.168062,-1.053741,247.7114
-1.180182,-1.076682,247.8307
-1.188284,-1.097896,247.9328
-1.192906,-1.110099,248.0544
-1.191548,-1.116678,248.1785
-1.186319,-1.11598,248.2806
-1.158818,-1.094074,248.4332
-1.131938,-1.067645,248.5537
-1.097429,-1.027686,248.6773
-1.067157,-0.9801504,248.8306
-1.048187,-0.9545357,248.9541
-1.04124,-0.9394114,249.0748
-1.042787,-0.9357167,249.2
-1.045401,-0.9424822,249.3247
-1.056264,-0.9666641,249.4424
-1.075085,-1.009853,249.5641
-1.105553,-1.060994,249.6671
-1.139557,-1.10889,249.787
-1.183966,-1.161796,249.9062
-1.213115,-1.198004,250.0269
-1.236971,-1.226892,250.1858
-1.26029,-1.241982,250.3082
-1.262663,-1.242855,250.4344
-1.25931,-1.235034,250.5549
-1.253223,-1.219281,250.6825
-1.237502,-1.202747,250.7852
-1.217329,-1.174445,250.9106
-1.196832,-1.13842,251.0309
-1.187265,-1.117988,251.1313
-1.176657,-1.110827,251.2499
-1.168876,-1.129751,251.3798
-1.141862,-1.167918,251.5024
-1.114602,-1.198495,251.6267
-1.079236,-1.221017,251.7769
-1.036503,-1.224733,251.8954
-0.9815592,-1.21541,251.9976
-0.936485,-1.197415,252.1169
-0.8843209,-1.177454,252.2378
-0.8496727,-1.193662,252.3603
-0.8285649,-1.21852,252.4827
-0.8172187,-1.255014,252.6035
-0.8017415,-1.288667,252.7119
-0.7876541,-1.318422,252.8298
-0.7738626,-1.334121,252.9431
-0.7495442,-1.334357,253.0547
-0.7147976,-1.326683,253.1584
-0.6661421,-1.312713,253.277
-0.6309344,-1.287714,253.3858
-0.5828931,-1.246466,253.5437
-0.5712503,-1.23452,253.6703
-0.5716955,-1.233522,253.772
-0.5646227,-1.226128,253.9228
-0.5623585,-1.215709,254.0428
-0.5494572,-1.207743,254.1656
-0.5173286,-1.196941,254.2869
-0.4149812,-1.167484,254.4695
-0.3614107,-1.154487,254.6124
-0.3451844,-1.151451,254.7286
-0.3356293,-1.152635,254.8432
-0.3361178,-1.15969,254.9675
-0.3430176,-1.180833,255.095
-0.3656039,-1.219657,255.2105
-0.3742505,-1.24109,255.3544
-0.3695614,-1.276398,255.4972
-0.3441053,-1.306764,255.6487
-0.307456,-1.326139,255.8178
-0.2725765,-1.337958,255.9389
-0.2529338,-1.340466,256.0516
-0.240024,-1.356619,256.2234
-0.2484256,-1.370166,256.347
-0.2723242,-1.398369,256.4559
-0.2994327,-1.422803,256.6392
-0.3128802,-1.430215,256.7605
-0.3122143,-1.440365,256.8715
-0.2955235,-1.457981,256.9819
-0.2693852,-1.472156,257.1042
-0.2513921,-1.476799,257.223
-0.2196201,-1.475471,257.3385
-0.1964383,-1.472767,257.4607
-0.1818704,-1.473297,257.5941
-0.1733989,-1.473981,257.7228
-0.1832982,-1.472894,257.8359
-0.1955333,-1.471871,257.9488
-0.223182,-1.471776,258.0773
-0.2678093,-1.468894,258.2064
-0.3062537,-1.471463,258.3244
-0.3366846,-1.477437,258.4648
-0.3460056,-1.496974,258.6091
-0.3440861,-1.511279,258.7309
-0.3359224,-1.512622,258.8613
-0.2993965,-1.513394,258.9847
-0.2574728,-1.506557,259.108
-0.2210971,-1.501919,259.2115
-0.1838966,-1.502382,259.3563
-0.1721614,-1.500595,259.484
-0.1698436,-1.503624,259.6208
-0.1836217,-1.507301,259.7427
-0.2100178,-1.511323,259.8917
-0.2620466,-1.524152,260.0199
-0.3165195,-1.538921,260.1426
-0.3847685,-1.554315,260.2813
-0.4318979,-1.563382,260.3976
-0.4523143,-1.577261,260.5226
-0.4572982,-1.589869,260.6364
-0.4491842,-1.608425,260.7806
-0.4282659,-1.625171,260.9037
-0.3810777,-1.657589,261.0226
-0.3169013,-1.687806,261.1411
-0.2770696,-1.707325,261.2559
-0.2435985,-1.725655,261.3703
-0.2350252,-1.746732,261.4922
-0.2155078,-1.767352,261.6231
-0.2156958,-1.780396,261.7249
-0.2045118,-1.790697,261.8748
-0.190915,-1.801504,261.9963
-0.1476569,-1.828705,262.1094
-0.1025723,-1.845856,262.2397
-0.07426127,-1.855362,262.363
-0.05465726,-1.863006,262.4786
-0.04564956,-1.865911,262.5948
-0.04431851,-1.876256,262.7269
-0.04972285,-1.873307,262.8736
-0.05283764,-1.881518,263.0189
-0.03260647,-1.899481,263.1446
-0.001662089,-1.93202,263.2651
0.03544521,-1.961938,263.3868
0.0690236,-1.98535,263.5084
0.09238969,-1.995376,263.6233
0.09462167,-2.000726,263.7406
0.08979235,-2.009544,263.8726
0.07078248,-2.01464,263.989
0.05439963,-2.018179,264.1321
0.04481999,-2.015337,264.2403
0.03515587,-2.011245,264.4015
0.03234491,-2.009897,264.5562
0.03735695,-2.015874,264.6725
0.06473623,-2.036033,264.8157
0.1020897,-2.067612,264.9603
0.1290167,-2.08358,265.0928
0.1557402,-2.093658,265.2173
0.1646997,-2.098844,265.3608
0.163463,-2.107757,265.488
0.1496251,-2.102997,265.6048
0.143373,-2.103307,265.7134
0.1358027,-2.094487,265.8417
0.1284527,-2.093245,265.9591
0.1218975,-2.092524,266.0795
0.122552,-2.088207,266.2037
0.1151168,-2.087422,266.3343
0.1107348,-2.080757,266.4568
0.1049559,-2.071282,266.5732
0.07340596,-2.059543,266.6862
0.008939946,-2.021271,266.8147
-0.04729423,-1.959657,266.9415
-0.08841511,-1.910676,267.0598
-0.1149257,-1.882958,267.1766
-0.1407762,-1.866424,267.3311
-0.1549315,-1.864291,267.4878
-0.1669202,-1.863282,267.619
-0.1932519,-1.867648,267.7376
-0.2378517,-1.848526,267.863
-0.2753067,-1.816427,268.0132
-0.2953838,-1.809382,268.1157
-0.2939294,-1.80987,268.2634
-0.2797171,-1.818784,268.3823
-0.2495364,-1.84714,268.5049
-0.1975382,-1.890671,268.6263
-0.1459999,-1.920437,268.7588
-0.1142899,-1.933295,268.8792
-0.09331781,-1.940968,269.0055
-0.09803504,-1.947389,269.134
-0.1023667,-1.9477,269.2907
-0.1003476,-1.946929,269.4281
-0.1045663,-1.947417,269.5405
-0.07488038,-1.990241,269.7458
-0.03542224,-2.032501,269.864
-0.00486305,-2.063977,269.989
0.007814406,-2.078604,270.1191
0.01404413,-2.090201,270.2384
0.009966515,-2.093834,270.3518
-0.01929113,-2.095559,270.5252
-0.09859227,-2.071305,270.6639
-0.1327648,-2.057319,270.7927
-0.1887035,-2.025302,270.9953
-0.2230971,-2.016778,271.1925
-0.2330762,-2.032815,271.4119
-0.2384236,-2.075057,271.5884
-0.2354159,-2.084832,271.7128
-0.2442986,-2.095738,271.8267
-0.2660401,-2.102197,271.9344
-0.3098624,-2.098109,272.0566
-0.3637595,-2.091179,272.1916
-0.430468,-2.08077,272.3163
-0.472852,-2.079616,272.4341
-0.5171626,-2.088912,272.5712
-0.5267732,-2.102568,272.7194
-0.5319066,-2.114269,272.8412
-0.5108946,-2.147717,272.9899
-0.4881845,-2.17172,273.1136
-0.4564627,-2.198605,273.2331
-0.4172928,-2.221562,273.381
-0.4097991,-2.237447,273.4948
-0.4178233,-2.245794,273.6173
-0.4297943,-2.251145,273.7336
-0.4477978,-2.256074,273.8423
-0.4836694,-2.259807,273.9641
-0.5128383,-2.25889,274.0741
-0.5431259,-2.250154,274.2091
-0.5564769,-2.247077,274.3348
-0.5624925,-2.241936,274.4579
-0.5653708,-2.237265,274.5732
-0.5729145,-2.232744,274.7263
-0.571656,-2.238094,274.8475
-0.5662462,-2.252032,274.9608
-0.5408283,-2.270997,275.0847
-0.5101292,-2.299929,275.2247
-0.492105,-2.310514,275.3505
-0.4916814,-2.303539,275.4646
-0.4907434,-2.298644,275.5848
-0.5010822,-2.285486,275.7297
-0.5142265,-2.271244,275.8549
-0.5438152,-2.242324,275.9758
-0.5647158,-2.22135,276.0908
-0.5702893,-2.206039,276.2045
-0.5716877,-2.202857,276.3516
-0.5659754,-2.215444,276.4623
-0.5489075,-2.239507,276.5858
-0.4978021,-2.29388,276.7068
-0.464134,-2.323557,276.825
-0.4369201,-2.343931,276.938
-0.4210473,-2.360708,277.0385
-0.4231061,-2.373175,277.1471
-0.4224795,-2.383132,277.2636
-0.4401201,-2.405808,277.3961
-0.4695591,-2.419423,277.5161
-0.4866382,-2.427682,277.619
-0.5003141,-2.43131,277.7206
-0.5042551,-2.437966,277.8491
-0.49692,-2.446694,277.9629
-0.471659,-2.460032,278.1084
-0.4330211,-2.473916,278.2435
-0.409092,-2.479246,278.3441
-0.3603069,-2.485309,278.4641
-0.3277002,-2.489245,278.5807
-0.2909119,-2.488441,278.7054
-0.2737876,-2.486343,278.8202
-0.2637998,-2.484652,278.9446
-0.2581912,-2.482592,279.0653
-0.2589459,-2.480299,279.1882
-0.2638128,-2.486171,279.3171
-0.2615193,-2.490011,279.4454
-0.2661234,-2.492754,279.5752
-0.2697932,-2.488958,279.6775
-0.2882107,-2.485012,279.801
-0.3082055,-2.476967,279.9271
-0.3555304,-2.460346,280.0746
-0.4016403,-2.438819,280.1807
-0.4671016,-2.405683,280.3107
-0.571344,-2.34024,280.4682
-0.6307679,-2.297352,280.6198
-0.665208,-2.280603,280.7378
-0.699836,-2.268298,280.8454
