position.x,position.z,time,score
0.2801833,-0.7811189,17.32468,0
0.2793388,-0.7822649,17.44091,0
0.2782476,-0.7837297,17.56549,0
0.2774312,-0.7862418,17.68238,0
0.2766788,-0.7894428,17.79472,0
0.2794345,-0.7946544,17.91874,0
0.2810483,-0.7976328,18.05275,1
0.2802308,-0.796691,18.16713,1
0.2840363,-0.793364,18.28826,2
0.2945344,-0.7844739,18.40767,2
0.3088381,-0.7624727,18.53253,2
0.3293692,-0.7403102,18.64413,3
0.3632188,-0.7033896,18.76526,3
0.3719974,-0.6868967,18.88017,3
0.4097053,-0.6432925,18.99124,3
0.4165153,-0.632374,19.10412,3
0.4161136,-0.6310477,19.21815,3
0.4035419,-0.6249015,19.33381,3
0.4002698,-0.6382352,19.44947,3
0.4281002,-0.6733009,19.56756,3
0.4394039,-0.6799205,19.67903,3
0.5213947,-0.7204169,19.80102,3
0.5593256,-0.7544591,19.92215,3
0.5803635,-0.7730736,20.04375,3
0.6018164,-0.7732616,20.15836,3
0.6129218,-0.7585189,20.28386,3
0.6215073,-0.7410734,20.41865,3
0.6425118,-0.6940666,20.54448,3
0.6601587,-0.6482778,20.66412,3
0.682849,-0.5745551,20.78094,3
0.7037475,-0.51494,20.95195,3
0.7293057,-0.474455,21.07334,3
0.7478039,-0.4384863,21.20878,3
0.7541595,-0.4229207,21.32296,4
0.7608292,-0.4029769,21.45238,4
0.7615672,-0.3930022,21.56897,4
0.7592825,-0.3759557,21.68962,5
0.751748,-0.3606958,21.8132,5
0.7462481,-0.3532157,21.93076,6
0.7464896,-0.3378696,22.05921,6
0.7394268,-0.3355452,22.1729,6
0.7351533,-0.3304937,22.29143,6
0.7198511,-0.3166612,22.41552,7
0.7123793,-0.3051093,22.53538,7
0.701377,-0.297129,22.65863,7
0.6846614,-0.2928412,22.77399,7
0.6656892,-0.2815257,22.89953,7
0.6366627,-0.2535459,23.02349,7
0.6085899,-0.2249578,23.14674,7
0.5454387,-0.1538507,23.27027,7
0.5148495,-0.1129607,23.38177,7
0.4738244,-0.05930067,23.49227,7
0.4371906,-0.009695425,23.61062,8
0.4110834,0.01894801,23.72736,8
0.3805103,0.04397748,23.85018,8
0.3631085,0.0747344,23.97562,8
0.3406879,0.09162855,24.09419,9
0.2997271,0.1063032,24.21178,9
0.2918427,0.1157786,24.33089,9
0.3056455,0.1001179,24.454,9
0.3116852,0.08801545,24.57451,9
0.3070746,0.06806971,24.70609,9
0.308911,0.05753028,24.82807,10
0.3197974,0.05759062,24.94367,10
0.3272535,0.05757606,25.07294,10
0.3329511,0.05031613,25.19808,11
0.3362194,0.04496435,25.31655,11
0.3362113,0.04235701,25.43587,11
0.3381444,0.03966926,25.55977,12
0.3423294,0.03543855,25.67662,12
0.3513506,0.03233861,25.79453,12
0.3626021,0.02937951,25.91134,13
0.3698088,0.02618473,26.02907,13
0.3785478,0.02372141,26.1553,13
0.3940015,0.03092041,26.2799,13
0.4183835,0.04905926,26.40122,13
0.4475939,0.07850624,26.52577,13
0.4808961,0.1142335,26.64186,13
0.5498701,0.1775805,26.75826,13
0.6249474,0.2319525,26.88683,13
0.6666703,0.2615722,27.00559,13
0.7137133,0.2925506,27.12885,13
0.7415871,0.3217516,27.24902,13
0.7640576,0.3408667,27.38087,13
0.7803593,0.3467154,27.50659,13
0.7876058,0.3479173,27.62667,13
0.8000203,0.352684,27.7478,13
0.8036609,0.3567483,27.87616,14
0.7992155,0.3600374,27.99866,14
0.7970186,0.3659591,28.12159,14
0.7875813,0.3733642,28.23819,15
0.782808,0.3747056,28.35362,15
0.7815475,0.376211,28.47396,15
0.7796037,0.3793869,28.58758,15
0.7776049,0.3720935,28.70537,15
0.7767197,0.3667993,28.81959,15
0.7841672,0.3530608,28.9445,15
0.7999249,0.3110303,29.05702,15
0.813338,0.2700952,29.18217,16
0.8308561,0.2169472,29.30081,16
0.876472,0.1664711,29.41121,17
0.8969816,0.125237,29.53129,17
0.9080765,0.1046169,29.65111,17
0.9104815,0.1223471,29.76615,17
0.9112577,0.1393643,29.88,17
0.9144837,0.1601488,29.9971,18
0.92875,0.1993306,30.12523,18
0.9502608,0.2483082,30.2455,18
0.9679595,0.289894,30.35952,18
0.9847887,0.3491277,30.46902,18
0.9952493,0.3976877,30.63575,18
0.9940974,0.4172868,30.74494,18
0.9854012,0.4302189,30.86,19
0.9736197,0.4488342,30.973,19
0.9635784,0.4790708,31.08499,19
0.9407718,0.5274029,31.18507,19
0.8527674,0.607147,31.40199,20
0.6847799,0.684536,31.61639,20
0.5927286,0.7172142,31.76834,20
0.534681,0.7421494,31.88794,20
0.5024386,0.7658507,31.99817,20
0.4823251,0.7721253,32.10559,20
0.4689823,0.7789015,32.21408,20
0.4477874,0.790652,32.42844,20
0.4458931,0.7991644,32.59681,20
0.448848,0.8043162,32.70985,20
0.4551836,0.8051078,32.82794,20
0.4438015,0.8033382,32.93583,20
0.4128449,0.7775739,33.04258,20
0.4150392,0.7724277,33.15458,20
0.4044172,0.7696379,33.27159,21
0.3752246,0.7468207,33.43042,22
0.3662045,0.7354439,33.54119,22
0.3441974,0.7043366,33.6464,22
0.3306863,0.6896988,33.81859,23
0.3355976,0.6862484,33.94228,23
0.3606859,0.7155377,34.11023,24
0.4341423,0.7583985,34.27243,24
0.496735,0.7772148,34.42634,24
0.5435369,0.7982196,34.54019,24
0.5691028,0.8157917,34.64193,24
0.5708289,0.8331323,34.77016,24
0.5667682,0.8402981,34.89072,25
0.5321741,0.8332494,35.01317,25
0.4969553,0.8274769,35.12786,25
0.4521071,0.8228934,35.24822,25
0.3734964,0.8068823,35.36961,25
0.3024613,0.7875116,35.48557,25
0.1759761,0.7417958,35.60071,25
0.01507008,0.6473519,35.72825,25
-0.06849975,0.5699198,35.84274,25
-0.1299245,0.530628,35.96891,25
-0.155498,0.5081578,36.08809,25
-0.1787801,0.487662,36.20292,25
-0.1872586,0.4541791,36.3191,25
-0.1825686,0.3905823,36.43251,25
-0.2145664,0.2845925,36.55591,26
-0.2067619,0.1659331,36.68218,26
-0.1968248,0.07172271,36.80073,27
-0.1819809,0.01349868,36.92177,27
-0.1756076,-0.03950953,37.04408,27
-0.1852064,-0.06864663,37.16229,28
-0.1903322,-0.1022936,37.28273,28
-0.1804076,-0.1211976,37.39998,28
-0.1699988,-0.129405,37.51844,29
-0.1499411,-0.1433835,37.64675,29
-0.1164533,-0.1723103,37.76508,30
-0.07641365,-0.1979961,37.88442,30
-0.02765896,-0.2118505,38.00425,35
0.002645587,-0.2245309,38.12177,35
0.008116219,-0.2323728,38.23889,40
0.03175953,-0.2188346,38.34881,40
0.06829232,-0.1761004,38.46015,40
0.09591892,-0.1548132,38.58997,45
0.1287663,-0.1267103,38.71063,50
0.1413423,-0.1081795,38.82428,50
0.1235292,-0.07572349,38.93938,55
0.09673411,-0.04232741,39.05992,55
0.06682545,0.02376152,39.18343,55
0.03280558,0.07490285,39.30274,55
-0.05484692,0.1667098,39.42807,55
-0.1534305,0.2475234,39.55305,55
-0.2257385,0.3042098,39.67451,55
-0.2765846,0.3721291,39.79538,55
-0.3000749,0.4306487,39.92122,55
-0.3229814,0.4863075,40.04274,55
-0.3468296,0.5879281,40.17496,55
-0.3397205,0.6967883,40.29928,55
-0.3001655,0.8066576,40.41872,55
-0.2457773,0.9172713,40.54471,55
-0.2141271,0.9544759,40.66387,55
-0.1761248,1.04534,40.78156,55
-0.1502297,1.075797,40.91113,55
-0.1294403,1.090882,41.03866,55
-0.06355238,1.126158,41.15484,55
-0.008674756,1.155933,41.26981,55
0.07710122,1.198879,41.39418,60
0.1434502,1.228772,41.52167,65
0.192007,1.27414,41.64338,65
0.2262564,1.318533,41.77095,70
0.2735831,1.402879,41.89075,75
0.3183224,1.475212,42.01612,75
0.3665428,1.540524,42.14072,75
0.4086888,1.586616,42.25547,75
0.45689,1.628781,42.37144,75
0.4734383,1.634821,42.49604,75
0.4706981,1.642989,42.6308,75
0.4687999,1.65355,42.75082,75
0.45663,1.650415,42.88016,75
0.42881,1.651111,43.00673,75
0.3626831,1.645373,43.13042,75
0.3182445,1.639073,43.24579,80
0.2128228,1.617266,43.38039,80
0.1412927,1.58227,43.50998,80
0.1130887,1.580126,43.62848,80
0.1260001,1.612629,43.75743,80
0.1572455,1.643806,43.88004,80
0.1779503,1.654578,44.00602,80
0.2056992,1.655749,44.12447,80
0.2097958,1.673523,44.25557,85
0.2381618,1.683646,44.38026,85
0.2510644,1.670627,44.5047,85
0.260454,1.65798,44.6267,85
0.2737893,1.648913,44.73709,85
0.2838815,1.63542,44.8576,85
0.2971117,1.606942,44.97965,85
0.3109045,1.575992,45.17083,85
0.3534479,1.507217,45.32427,85
0.3919752,1.45761,45.43443,85
0.4499989,1.384074,45.60845,85
0.5299121,1.306666,45.72532,85
0.6050584,1.249897,45.84301,85
0.6690843,1.206223,45.97364,85
0.7152959,1.185023,46.08148,85
0.7416511,1.180436,46.20116,85
0.7516802,1.165349,46.36239,90
0.7413656,1.169904,46.52681,90
0.7185893,1.177079,46.64528,90
0.6897275,1.185435,46.76233,90
0.6771204,1.20498,46.9264,90
0.6563771,1.205033,47.04047,90
0.645043,1.208582,47.14257,90
0.6389645,1.209141,47.25901,90
0.6348698,1.206677,47.42407,90
0.63769,1.242294,47.58723,90
0.6090298,1.267667,47.75634,90
0.5596249,1.278814,47.86283,90
0.5075898,1.302511,47.96639,90
0.4689038,1.319436,48.08582,90
0.3871445,1.355571,48.20647,90
0.3287113,1.368871,48.3368,90
0.2682627,1.382505,48.46785,90
0.2142996,1.394821,48.5924,90
0.1443733,1.419688,48.71281,90
0.07774899,1.440805,48.83457,90
0.0320567,1.453652,48.95768,90
-0.02045984,1.473068,49.0891,90
-0.06987479,1.500055,49.22015,90
-0.0847132,1.516024,49.34218,90
-0.09588984,1.515939,49.46116,90
-0.1136771,1.531312,49.58403,90
-0.1301274,1.545861,49.70671,90
-0.1430582,1.553067,49.82703,90
-0.1458912,1.5578,49.94804,90
-0.1465884,1.558615,50.08711,90
-0.1340248,1.557489,50.20764,90
-0.1288517,1.557829,50.32869,90
-0.1232323,1.549534,50.45489,90
-0.1214442,1.536962,50.57265,90
-0.1347514,1.535763,50.69357,90
-0.1662532,1.539477,50.8109,90
-0.1965652,1.526494,50.93475,90
-0.2395209,1.469546,51.05407,90
-0.2839046,1.396378,51.18052,90
-0.3131284,1.32509,51.30069,90
-0.3343315,1.241249,51.42606,90
-0.3306288,1.201899,51.54682,90
-0.3307747,1.15042,51.67357,90
-0.3272509,1.124921,51.80342,90
-0.3335691,1.104809,51.93368,90
-0.3374169,1.090543,52.06007,90
-0.3348792,1.081203,52.18114,90
-0.3296816,1.075062,52.30914,90
-0.3338629,1.085168,52.43228,90
-0.3346655,1.096864,52.55834,90
-0.3285288,1.109732,52.68861,90
-0.3221115,1.140564,52.81646,90
-0.3147193,1.168054,52.94184,90
-0.3063229,1.219825,53.0723,90
-0.2843167,1.311844,53.19807,90
-0.2532685,1.372374,53.32322,91
-0.2347165,1.429819,53.44134,91
-0.2261473,1.464085,53.57122,92
-0.2136372,1.484155,53.69275,92
-0.2024469,1.491864,53.81677,93
-0.1857475,1.487606,53.94406,93
-0.1823592,1.472381,54.07079,93
-0.180057,1.456258,54.18968,94
-0.1693064,1.435087,54.31031,94
-0.1579273,1.406738,54.44104,94
-0.1278782,1.364912,54.56179,95
-0.1027131,1.339671,54.67612,95
-0.0686701,1.292781,54.79913,95
-0.02628483,1.264127,54.91961,95
-0.009149271,1.240491,55.0363,95
0.001107981,1.2327,55.16245,95
0.008272813,1.224872,55.29377,96
0.007091597,1.229229,55.43059,96
-0.001919858,1.237857,55.55278,96
-0.01577087,1.254145,55.67022,96
-0.03059421,1.262982,55.78985,96
-0.04938427,1.297079,55.90339,96
-0.06366961,1.355439,56.02221,97
-0.07249173,1.416179,56.15153,97
-0.08562303,1.533301,56.27544,97
-0.09628522,1.603668,56.39898,98
-0.09664387,1.667579,56.51387,98
-0.09176911,1.692701,56.63247,98
-0.09975484,1.722744,56.7542,98
-0.1122005,1.746628,56.875,98
-0.1379648,1.75522,56.99826,98
-0.1753058,1.770199,57.12035,98
-0.2275126,1.780546,57.24769,98
-0.3135311,1.761872,57.37163,98
-0.3870279,1.72135,57.49172,98
-0.4958001,1.639897,57.62062,98
-0.5550712,1.592019,57.75457,98
-0.6036614,1.555253,57.87541,98
-0.6157115,1.533956,58.00237,98
-0.6110542,1.497737,58.13055,98
-0.5875681,1.450837,58.25084,98
-0.5751182,1.379167,58.37944,98
-0.5592778,1.322049,58.5098,99
-0.556444,1.276352,58.64757,99
-0.553523,1.254926,58.7688,100
-0.550257,1.232415,58.88776,100
-0.5462856,1.216923,59.00798,101
-0.5430495,1.191053,59.12946,101
-0.5517567,1.171342,59.24983,102
-0.5600003,1.145659,59.3842,102
-0.5653215,1.12306,59.50075,103
-0.5698471,1.093342,59.62083,103
-0.572744,1.049265,59.7461,103
-0.5692455,0.9952046,59.86513,104
-0.5639557,0.9558044,59.98835,104
-0.5625606,0.9219344,60.11685,104
-0.5585191,0.8895447,60.29473,105
-0.5486426,0.8845286,60.46162,106
-0.5358135,0.8910926,60.57416,106
-0.5326255,0.8999614,60.74603,107
-0.5163327,0.9253654,60.85735,107
-0.5022631,0.9416586,60.98695,107
-0.4509885,1.00668,61.10856,108
-0.424618,1.033348,61.21974,108
-0.3967261,1.060106,61.33487,109
-0.3764447,1.10568,61.4986,109
-0.3370404,1.128127,61.71156,109
-0.3238536,1.131957,61.88861,109
-0.3153845,1.136129,62.00588,109
-0.2963892,1.135754,62.16633,109
-0.2870426,1.130495,62.32098,109
-0.2889331,1.127675,62.43212,109
-0.3047328,1.104801,62.54517,109
-0.305288,1.097709,62.70697,109
-0.3036134,1.089006,62.82879,109
-0.3166697,1.07492,62.95386,109
-0.3074777,1.047394,63.07515,109
-0.3075832,1.029574,63.19971,109
-0.3205867,1.007457,63.33165,109
-0.3328456,0.995284,63.46209,109
-0.343821,0.9413917,63.58757,109
-0.3372164,0.8938583,63.70706,109
-0.3541315,0.8880234,63.82385,109
-0.3933247,0.8973593,63.95042,109
-0.4455475,0.9165487,64.07021,109
-0.4865352,0.9261002,64.18693,109
-0.5487679,0.9541398,64.31651,109
-0.6071531,0.966714,64.4498,109
-0.7136954,0.9315351,64.57204,109
-0.8137814,0.8768301,64.69116,109
-0.8689891,0.8525263,64.81291,109
-0.8974287,0.841306,64.9352,109
-0.92058,0.8273552,65.05722,109
-0.9303618,0.822642,65.19043,109
-0.9454265,0.8211841,65.31872,109
-0.960555,0.8145629,65.43751,109
-0.9644307,0.8198014,65.5611,110
-0.9644942,0.8236654,65.68262,110
-0.9615845,0.8265191,65.80247,110
-0.9676141,0.8300789,65.92372,111
-0.9751148,0.8335943,66.05899,111
-0.9734905,0.8416408,66.19065,112
-0.9643696,0.8362041,66.32101,112
-0.9387557,0.822771,66.44463,112
-0.9355061,0.8221133,66.56682,113
-0.9402797,0.8245522,66.686,113
-0.9600609,0.8195692,66.81531,113
-1.000037,0.8385834,66.9512,113
-1.048634,0.8565745,67.07619,113
-1.083709,0.8656493,67.19431,113
-1.225719,0.8713569,67.32436,113
-1.306205,0.8635039,67.44645,113
-1.380815,0.8676835,67.56969,113
-1.413048,0.8741745,67.68443,113
-1.450825,0.8727706,67.80541,114
-1.4852,0.8918812,67.93072,114
-1.493357,0.897657,68.05148,114
-1.508232,0.9062654,68.1758,115
-1.514137,0.9106131,68.29273,115
-1.509883,0.9313991,68.4213,116
-1.506077,0.9549968,68.54665,116
-1.496571,0.983892,68.67435,116
-1.483094,1.009919,68.79082,117
-1.429832,1.077262,68.91294,117
-1.334795,1.165555,69.04411,118
-1.276219,1.206644,69.16498,118
-1.227227,1.239489,69.28821,118
-1.200021,1.261541,69.41671,119
-1.163977,1.282728,69.55302,119
-1.140242,1.280982,69.67397,119
-1.119166,1.260585,69.7929,119
-1.088863,1.243258,69.9103,119
-1.045974,1.229157,70.03275,120
-1.033029,1.223504,70.15328,120
-1.009937,1.23041,70.27,120
-0.9498264,1.249835,70.39745,121
-0.907503,1.262279,70.52559,121
-0.8524585,1.275513,70.6494,122
-0.8225527,1.280957,70.77458,122
-0.8094898,1.292496,70.90136,122
-0.8012955,1.301654,71.01688,123
-0.780028,1.321444,71.13406,123
-0.7723609,1.331514,71.25951,124
-0.7624283,1.349149,71.38625,124
-0.7596214,1.357565,71.49892,124
-0.7549158,1.365978,71.61627,125
-0.7512256,1.363053,71.73699,125
-0.7521334,1.369332,71.85574,125
-0.7592959,1.379494,71.97182,125
-0.763488,1.394901,72.09065,125
-0.7642913,1.407811,72.22062,125
-0.7771981,1.395927,72.34769,125
-0.8139778,1.394702,72.47569,125
-0.8411366,1.393919,72.59895,125
-0.8914492,1.412506,72.72665,126
-0.9186531,1.438105,72.84836,126
-0.9762898,1.474028,72.96722,126
-1.039106,1.51535,73.10107,126
-1.131656,1.55685,73.22913,126
-1.252597,1.580108,73.35074,126
-1.342315,1.61386,73.47218,126
-1.38321,1.628665,73.59391,126
-1.42435,1.658779,73.71195,126
-1.456154,1.67275,73.82603,126
-1.468617,1.67852,73.95584,126
-1.472592,1.683075,74.07779,126
-1.473204,1.682435,74.1973,126
-1.471681,1.678187,74.31883,127
-1.466142,1.6791,74.44411,127
-1.457225,1.697851,74.5754,127
-1.448482,1.713504,74.70631,128
-1.42988,1.74608,74.82935,128
-1.377023,1.821107,74.9576,128
-1.349781,1.855652,75.07378,129
-1.315837,1.879712,75.18246,129
-1.276368,1.908002,75.29919,130
-1.25739,1.922547,75.40639,130
-1.238459,1.929339,75.52196,130
-1.23051,1.932501,75.64001,131
-1.226742,1.932935,75.7466,131
-1.230967,1.934508,75.86667,131
-1.23377,1.933417,75.97549,131
-1.240383,1.931658,76.09288,131
-1.268396,1.903904,76.19882,131
-1.294582,1.873794,76.31891,131
-1.324652,1.846919,76.42314,131
-1.371882,1.818507,76.53513,131
-1.440098,1.782547,76.64751,131
-1.523053,1.736044,76.75846,131
-1.622133,1.658081,76.87588,131
-1.68374,1.579558,77.09045,132
-1.694237,1.520012,77.30682,132
-1.687607,1.441171,77.45829,133
-1.688833,1.396399,77.5696,133
-1.70394,1.308441,77.72249,133
-1.720755,1.280369,77.88013,133
-1.751054,1.26643,78.00736,134
-1.781689,1.264697,78.12342,134
-1.841985,1.281261,78.23922,134
-1.89802,1.276011,78.3591,135
-1.929953,1.276767,78.48768,135
-1.952201,1.282754,78.60307,136
-1.976606,1.308551,78.72752,136
-1.991749,1.340955,78.85517,136
-2.005525,1.386695,78.97804,136
-2.016001,1.420667,79.09623,137
-2.029975,1.483305,79.21205,137
-2.042998,1.595549,79.34181,137
-2.044487,1.700898,79.46383,137
-2.045961,1.770707,79.57316,137
-2.037593,1.833197,79.69626,137
-2.037244,1.846689,79.81599,138
-2.046622,1.867105,79.94109,138
-2.063746,1.876593,80.06448,138
-2.07769,1.871603,80.18464,140
-2.111058,1.841838,80.30596,140
-2.149209,1.801918,80.42217,140
-2.203957,1.724066,80.55315,141
-2.256837,1.62416,80.6688,141
-2.26709,1.567582,80.78374,141
-2.265061,1.517468,80.90206,142
-2.264984,1.480659,81.02138,142
-2.258364,1.434737,81.13908,143
-2.236598,1.372141,81.26303,143
-2.223556,1.305017,81.39462,143
-2.211146,1.266891,81.51255,143
-2.200361,1.258784,81.63107,143
-2.205929,1.269985,81.7588,143
-2.210342,1.284248,81.88219,143
-2.217616,1.304996,82.00098,143
-2.240076,1.359261,82.12129,144
-2.270422,1.402868,82.25037,144
-2.327568,1.489028,82.36835,145
-2.348121,1.538118,82.49662,145
-2.367023,1.589734,82.61109,145
-2.378251,1.632849,82.72128,145
-2.381682,1.694682,82.84122,145
-2.382058,1.74509,82.95884,145
-2.358753,1.834193,83.08967,146
-2.319819,1.904298,83.21037,146
-2.28652,1.986902,83.32815,146
-2.264681,2.042613,83.44489,146
-2.241408,2.072718,83.5626,146
-2.225793,2.083922,83.6778,146
-2.21095,2.094312,83.79658,146
-2.208712,2.093226,83.92191,146
-2.197419,2.079409,84.05467,146
-2.164241,2.062996,84.18548,146
-2.108847,2.045797,84.30639,147
-2.070488,2.042323,84.42468,147
-2.058384,2.049281,84.53285,148
-2.004977,2.088393,84.64723,148
-1.9516,2.11466,84.76643,148
-1.873714,2.152661,84.89568,149
-1.853874,2.162694,85.00928,149
-1.824033,2.183798,85.1255,150
-1.821397,2.188176,85.24226,150
-1.803288,2.182253,85.3591,151
-1.794715,2.179506,85.47783,151
-1.798623,2.163517,85.60463,151
-1.808807,2.151027,85.7306,151
-1.805798,2.136348,85.85136,151
-1.805583,2.114488,85.96696,151
-1.799957,2.069157,86.08697,151
-1.809754,2.013284,86.20432,151
-1.821748,1.971034,86.32175,151
-1.823745,1.95016,86.44969,151
-1.848037,1.951396,86.56332,151
-1.864084,1.962925,86.69115,151
-1.891293,2.025281,86.81526,151
-1.901647,2.086987,86.93389,151
-1.911642,2.140538,87.04948,151
-1.937422,2.192262,87.1633,152
-1.981343,2.254913,87.28152,152
-2.04038,2.291809,87.40759,152
-2.085993,2.337022,87.53311,153
-2.117698,2.381005,87.65208,153
-2.167587,2.426462,87.7695,154
-2.255949,2.458075,87.88514,154
-2.421157,2.490492,88.00539,154
-2.591294,2.52732,88.12509,154
-2.734942,2.568981,88.24059,154
-2.802525,2.587808,88.35275,154
-2.879942,2.6454,88.48762,154
-2.937771,2.695205,88.60288,154
-2.979927,2.722269,88.71702,154
-3.046056,2.787169,88.84541,154
-3.073421,2.800668,88.96577,154
-3.073749,2.806,89.08661,154
-3.078804,2.799161,89.20335,154
-3.082006,2.771037,89.32641,154
-3.0949,2.735067,89.4586,154
-3.105293,2.67407,89.5798,154
-3.119862,2.613196,89.70289,154
-3.128355,2.572204,89.81841,155
-3.126301,2.509479,89.93719,155
-3.127855,2.478757,90.05515,156
-3.115549,2.427889,90.16564,156
-3.113096,2.341197,90.38507,161
-3.113775,2.317617,90.49157,166
-3.105116,2.342705,90.59976,166
-3.084156,2.394146,90.70901,171
-3.075344,2.478726,90.81864,176
-3.070707,2.537043,90.92311,176
-3.058656,2.590215,91.04672,181
-3.039237,2.632995,91.15118,181
-3.025998,2.667024,91.26795,186
-2.973814,2.72612,91.42786,191
-2.877912,2.771309,91.58588,191
-2.844567,2.79148,91.69632,191
-2.782589,2.808834,91.80545,191
-2.760767,2.809835,91.90788,191
-2.710716,2.839799,92.01249,191
-2.659504,2.88568,92.18237,191
-2.609031,2.923995,92.29596,191
-2.570142,2.952353,92.40074,191
-2.538239,2.99114,92.51529,196
-2.481387,3.028859,92.62552,196
-2.464424,3.040926,92.73193,201
-2.406536,3.059839,92.83453,206
-2.3639,3.07057,93.00004,211
-2.323194,3.115911,93.1177,211
-2.300184,3.138363,93.23348,216
-2.269379,3.153106,93.35545,216
-2.26595,3.194577,93.48357,221
-2.273159,3.238313,93.60593,226
-2.301602,3.318354,93.72188,226
-2.353648,3.408903,93.83505,231
-2.42117,3.467237,93.96203,236
-2.463154,3.508488,94.08131,236
-2.48367,3.521113,94.19069,241
-2.543589,3.541221,94.30637,241
-2.588763,3.547247,94.42163,241
-2.651019,3.532953,94.53791,241
-2.707822,3.523809,94.66357,241
-2.801299,3.497032,94.77222,241
-2.854801,3.4666,94.88366,246
-2.890349,3.452344,94.99783,246
-2.930056,3.444512,95.12028,246
-2.950274,3.436607,95.23189,246
-2.976763,3.415175,95.35209,251
-3.000795,3.396124,95.47532,251
-3.030094,3.34881,95.59419,251
-3.059791,3.305421,95.71049,256
-3.071174,3.276556,95.82935,261
-3.062892,3.224202,95.96427,261
-3.058304,3.165324,96.0879,266
-3.053973,3.087593,96.20141,266
-3.058726,3.032759,96.32157,266
-3.06088,2.999328,96.44041,271
-3.056282,2.972698,96.55879,271
-3.052594,2.932782,96.67612,276
-3.079508,2.871424,96.79825,281
-3.049307,2.826578,96.92567,281
-2.947312,2.78247,97.05272,281
-2.856617,2.683972,97.1731,286
-2.804864,2.618527,97.2892,286
-2.768125,2.561168,97.41169,291
-2.701751,2.53692,97.52728,291
-2.659752,2.514156,97.64346,291
-2.606218,2.498123,97.77044,291
-2.497056,2.493454,97.89009,291
-2.423226,2.483055,98.00725,291
-2.389763,2.475891,98.12279,291
-2.367102,2.473367,98.2393,291
-2.334875,2.466311,98.3507,291
-2.306983,2.458852,98.4696,291
-2.309176,2.469861,98.58659,291
-2.313783,2.465364,98.71008,291
-2.300649,2.472895,98.83027,291
-2.293217,2.503166,98.9534,291
-2.295906,2.548486,99.08723,291
-2.296945,2.613014,99.20088,291
-2.295754,2.643436,99.31644,291
-2.284226,2.699331,99.43473,291
-2.259086,2.764559,99.5619,291
-2.260826,2.784887,99.67772,291
-2.248944,2.815209,99.78743,291
-2.21172,2.868288,99.90563,291
-2.190313,2.925101,100.0239,291
-2.175471,2.988202,100.1414,291
-2.17508,3.092367,100.2664,291
-2.204549,3.167045,100.388,291
-2.228106,3.195902,100.512,291
-2.254665,3.223103,100.6337,291
-2.307965,3.234553,100.747,291
-2.367422,3.245984,100.8633,291
-2.436846,3.255078,100.9831,292
-2.480694,3.282096,101.1037,292
-2.489202,3.299366,101.2229,293
-2.493449,3.319486,101.3509,293
-2.488765,3.349092,101.4678,294
-2.496433,3.384761,101.5796,294
-2.488816,3.393455,101.6927,294
-2.50057,3.399574,101.806,295
-2.508371,3.403515,101.9264,295
-2.522302,3.41332,102.0466,295
-2.516025,3.393643,102.1625,296
-2.543361,3.353888,102.2898,296
-2.56838,3.31863,102.4073,297
-2.610058,3.266977,102.5265,297
-2.625132,3.250263,102.6423,297
-2.634453,3.217501,102.7563,297
-2.627852,3.198012,102.8737,297
-2.608189,3.192594,102.9977,297
-2.590853,3.204392,103.1172,297
-2.568382,3.228025,103.2366,297
-2.549341,3.254808,103.3562,298
-2.52298,3.316745,103.4765,298
-2.512723,3.367004,103.5975,298
-2.495358,3.461743,103.7147,298
-2.494516,3.509696,103.8429,298
-2.472196,3.548731,103.9643,298
-2.439988,3.580399,104.0929,298
-2.400279,3.605484,104.2068,298
-2.366373,3.617291,104.3232,298
-2.31011,3.638501,104.4402,298
-2.243318,3.659244,104.55,298
-2.215326,3.675119,104.6659,299
-2.159218,3.663857,104.7903,299
-2.123611,3.669492,104.9105,299
-2.102912,3.667409,105.0402,299
-2.086373,3.670281,105.1559,299
-2.05817,3.676848,105.2663,299
-2.024873,3.6716,105.3822,300
-2.012531,3.659973,105.4912,300
-1.997643,3.628449,105.6021,300
-1.968346,3.619382,105.7102,300
-1.947267,3.610926,105.8212,300
-1.901522,3.560092,105.9488,300
-1.882753,3.462094,106.064,300
-1.86773,3.377723,106.1893,300
-1.858822,3.336305,106.3002,300
-1.868668,3.283511,106.4134,301
-1.869471,3.265853,106.5244,301
-1.883379,3.228177,106.6394,301
-1.891626,3.222524,106.7483,301
-1.917914,3.217837,106.88,301
-1.952022,3.215465,107.003,301
-1.997699,3.216387,107.1205,302
-2.029598,3.212831,107.2445,302
-2.038964,3.217692,107.3596,302
-2.050127,3.210681,107.476,303
-2.055073,3.201717,107.5892,303
-2.085387,3.184292,107.71,303
-2.122734,3.162128,107.8277,303
-2.144766,3.145712,107.9362,303
-2.179071,3.118422,108.0403,303
-2.195493,3.105758,108.1507,303
-2.25252,3.059824,108.2744,303
-2.316434,3.04047,108.3937,303
-2.347614,3.024117,108.5212,303
-2.361951,3.016963,108.6397,303
-2.361488,3.01672,108.751,303
-2.370104,3.024316,108.8698,303
-2.367638,3.016232,108.9841,303
-2.357421,3.014733,109.1083,303
-2.352727,3.024694,109.2271,303
-2.327059,3.037677,109.3522,304
-2.277153,3.049371,109.4671,304
-2.24945,3.059747,109.5864,305
-2.154659,3.095351,109.7112,305
-2.114596,3.114904,109.8186,306
-2.03151,3.179412,109.9357,306
-1.972334,3.230155,110.0494,306
-1.935654,3.256815,110.1594,306
-1.86684,3.281989,110.2808,306
-1.82898,3.298259,110.3988,306
-1.746189,3.322201,110.5048,306
-1.695303,3.330289,110.6203,306
-1.6515,3.332541,110.7392,306
-1.619788,3.34103,110.85,306
-1.591978,3.340934,110.9706,306
-1.571157,3.358873,111.0904,306
-1.565703,3.373227,111.2012,306
-1.559074,3.387843,111.3121,307
-1.559442,3.41086,111.4342,307
-1.553161,3.418816,111.5552,307
-1.558177,3.442632,111.6716,308
-1.522505,3.499405,111.7868,308
-1.5147,3.552889,111.9057,309
-1.528331,3.599796,112.0279,309
-1.546161,3.628702,112.1494,309
-1.567156,3.642095,112.2609,310
-1.608054,3.646337,112.3695,310
-1.640221,3.634595,112.4847,310
-1.663724,3.618705,112.5937,311
-1.709241,3.585953,112.7046,311
-1.751868,3.55289,112.8242,311
-1.78332,3.530249,112.9328,311
-1.808637,3.520346,113.0423,311
-1.849237,3.512614,113.1576,312
-1.872697,3.507275,113.3162,312
-1.862235,3.519237,113.438,313
-1.8429,3.525496,113.5534,313
-1.83202,3.528891,113.668,313
-1.804571,3.5487,113.7858,314
-1.763519,3.563199,113.9005,314
-1.718634,3.579837,114.012,314
-1.665284,3.603113,114.1306,314
-1.600384,3.622877,114.2547,314
-1.550986,3.649614,114.3797,314
-1.504679,3.65615,114.5054,314
-1.483073,3.650853,114.6241,314
-1.428665,3.616088,114.7967,314
-1.405166,3.590165,114.9086,314
-1.373762,3.533395,115.0179,314
-1.371396,3.496781,115.1308,315
-1.366226,3.47109,115.2486,315
-1.36501,3.458114,115.363,315
-1.365934,3.432783,115.476,315
-1.365046,3.418383,115.5851,315
-1.375549,3.412248,115.6874,315
-1.381111,3.424097,115.8006,316
-1.376682,3.427069,115.9134,316
-1.392436,3.443683,116.0274,316
-1.402062,3.464966,116.1433,316
-1.411014,3.484306,116.269,316
-1.427216,3.512097,116.3765,316
-1.444958,3.549526,116.4938,316
-1.483292,3.609847,116.606,316
-1.517894,3.655584,116.7187,317
-1.566939,3.721143,116.8273,317
-1.608819,3.789668,116.9411,317
-1.629607,3.810734,117.055,317
-1.695838,3.834419,117.1838,317
-1.74962,3.828214,117.3024,317
-1.82059,3.832859,117.4153,317
-1.909782,3.856022,117.5855,317
-1.975069,3.855738,117.7037,317
-2.009084,3.852804,117.82,317
-2.044642,3.86553,117.9317,317
-2.055922,3.884577,118.052,317
-2.078872,3.916219,118.1705,317
-2.111874,3.952467,118.2831,318
-2.140778,3.962739,118.3922,318
-2.165821,3.980508,118.4985,319
-2.170431,4.00138,118.6106,319
-2.170906,4.008462,118.7281,320
-2.169401,4.009513,118.8534,320
-2.181461,4.008636,118.9706,320
-2.205682,3.995055,119.0872,321
-2.21851,3.987451,119.202,321
-2.245044,3.966313,119.321,321
-2.265867,3.941579,119.4329,321
-2.319685,3.873225,119.5507,321
-2.361395,3.818941,119.668,321
-2.389929,3.791046,119.7933,321
-2.413553,3.748315,119.9137,321
-2.423976,3.72655,120.0342,321
-2.42419,3.714728,120.1445,321
-2.424115,3.716509,120.2568,321
-2.414757,3.711201,120.3659,321
-2.392785,3.719371,120.4776,321
-2.367927,3.723929,120.5901,321
-2.324734,3.736291,120.7182,321
-2.300752,3.745772,120.8341,321
-2.249745,3.775405,120.948,322
-2.191311,3.791618,121.0552,322
-2.094279,3.832644,121.1639,322
-2.027812,3.875001,121.2684,322
-1.916342,3.981595,121.3783,322
-1.878482,4.028514,121.4889,322
-1.824844,4.078781,121.6078,322
-1.786155,4.087778,121.7132,322
-1.764601,4.09247,121.8203,322
-1.67992,4.124708,121.936,322
-1.616812,4.145138,122.0456,323
-1.540616,4.139754,122.164,323
-1.505611,4.139361,122.284,323
-1.483098,4.132972,122.4077,324
-1.461315,4.138988,122.5328,324
-1.430878,4.124788,122.6445,324
-1.401695,4.117806,122.7626,324
-1.363155,4.122565,122.8733,324
-1.348411,4.113716,122.9862,324
-1.343175,4.115665,123.0982,324
-1.31717,4.103582,123.2083,324
-1.306182,4.113774,123.3263,324
-1.297334,4.100569,123.4493,324
-1.285644,4.084431,123.5597,324
-1.269272,4.05923,123.675,324
-1.25728,4.018461,123.8148,325
-1.256778,3.939874,123.9292,325
-1.257011,3.829475,124.0604,325
-1.258835,3.751082,124.1844,325
-1.245928,3.731004,124.3025,325
-1.262187,3.73868,124.4314,325
-1.275843,3.743508,124.549,325
-1.253095,3.729643,124.6707,325
-1.259086,3.705451,124.7845,325
-1.257264,3.696206,124.9013,325
-1.264382,3.692365,125.016,326
-1.263231,3.68327,125.1226,326
-1.249662,3.690198,125.2406,326
-1.196786,3.719001,125.3623,327
-1.133245,3.731908,125.4825,327
-1.069964,3.750586,125.5919,327
-1.043006,3.769864,125.7034,328
-0.9872679,3.77498,125.8167,328
-0.9327852,3.82156,125.9404,328
-0.8957022,3.861887,126.0658,328
-0.8533208,3.905087,126.189,328
-0.8250743,3.96267,126.3032,329
-0.8189396,4.019674,126.4212,329
-0.809411,4.083526,126.5464,329
-0.7998308,4.118177,126.6517,330
-0.8085334,4.121551,126.7647,330
-0.840694,4.129455,126.8879,330
-0.866455,4.13449,127.0094,330
-0.8987717,4.136817,127.1213,331
-0.9394379,4.165967,127.2795,331
-0.956292,4.183588,127.3922,331
-1.000449,4.184158,127.5119,331
-1.00574,4.187562,127.6271,331
-0.9928665,4.207827,127.7374,331
-0.9734671,4.231763,127.8523,331
-0.9466363,4.272639,127.9672,331
-0.9275169,4.306396,128.0762,331
-0.9034485,4.344174,128.1862,331
-0.8819734,4.386347,128.3015,331
-0.8659466,4.395179,128.4109,331
-0.8495291,4.408305,128.5266,332
-0.8180773,4.40844,128.6478,332
-0.7852997,4.410172,128.7693,333
-0.7389939,4.410897,128.8854,333
-0.6952877,4.394618,129.0038,333
-0.6002569,4.315732,129.123,334
-0.5710107,4.274358,129.2339,334
-0.5228901,4.174936,129.3519,334
-0.5093469,4.114263,129.469,335
-0.4944479,4.051579,129.5928,335
-0.460805,4.012829,129.7113,336
-0.4391644,3.979555,129.824,336
-0.4266276,3.945764,129.9448,336
-0.4302396,3.940176,130.0599,337
-0.4626606,3.909746,130.1743,337
-0.491943,3.844195,130.2959,337
-0.5163917,3.782183,130.4062,338
-0.5409479,3.73117,130.5274,338
-0.5557035,3.694512,130.6438,339
-0.5610744,3.670839,130.763,339
-0.569195,3.639589,130.8738,339
-0.5757081,3.596331,130.9924,340
-0.5874741,3.567857,131.1096,340
-0.6019986,3.535095,131.2161,340
-0.6247907,3.502206,131.3388,341
-0.6575385,3.469538,131.4576,341
-0.6796393,3.458974,131.5708,342
-0.7160535,3.44105,131.6869,342
-0.7418702,3.442364,131.8031,342
-0.7614385,3.4466,131.9198,343
-0.8018703,3.464217,132.0396,343
-0.84881,3.488146,132.1519,343
-0.89915,3.495795,132.2716,343
-0.9292219,3.509084,132.3862,343
-0.9403295,3.528886,132.5026,343
-0.9407645,3.537515,132.6127,343
-0.9228091,3.559434,132.7291,343
-0.9032333,3.57529,132.8418,344
-0.8667286,3.589927,132.9588,344
-0.772408,3.592764,133.0795,344
-0.6831857,3.619946,133.1903,344
-0.6459102,3.628976,133.2999,344
-0.5866399,3.640475,133.4096,344
-0.546909,3.654749,133.5228,344
-0.5166308,3.676719,133.6369,344
-0.4894128,3.692689,133.7452,344
-0.4409019,3.728889,133.8613,344
-0.3880304,3.778901,134.0392,344
-0.3618172,3.802502,134.1521,344
-0.3182859,3.853525,134.2693,344
-0.3339775,3.891057,134.3807,344
-0.3123961,3.941454,134.4905,344
-0.2842186,3.999807,134.5978,344
-0.2530833,4.001447,134.7051,344
-0.2336185,3.987949,134.8172,344
-0.2311834,3.993264,134.9342,344
-0.2426826,3.998794,135.0505,344
-0.2836777,3.966886,135.2057,344
-0.3164774,3.94273,135.3129,344
-0.3561534,3.916876,135.4173,345
-0.4363373,3.841177,135.5737,345
-0.4802897,3.809894,135.687,345
-0.5316097,3.758296,135.7916,345
-0.5595624,3.748579,135.8979,345
-0.5581185,3.737187,136.0023,345
-0.55733,3.7396,136.1179,345
-0.5503706,3.740305,136.2605,345
-0.5354846,3.747009,136.3634,345
-0.5149187,3.769506,136.4657,345
-0.5042265,3.779729,136.578,345
-0.4567009,3.818585,136.6843,345
-0.3601722,3.90634,136.8867,345
-0.3052728,3.966883,137.041,345
-0.2482962,3.991188,137.1522,345
-0.2139111,4.00285,137.258,345
-0.169405,4.019541,137.371,345
-0.09859847,4.049796,137.4835,345
-0.01354126,4.080367,137.6843,345
0.01294362,4.084275,137.7873,345
0.07692695,4.112322,137.9436,345
0.09282076,4.148854,138.065,345
0.1343072,4.26855,138.1763,345
0.1741673,4.391988,138.3014,345
0.1901251,4.467413,138.4215,345
0.1724212,4.528604,138.5457,345
0.1676911,4.561646,138.6598,345
0.1758284,4.622088,138.7733,345
0.2062346,4.677801,138.892,346
0.2244969,4.724585,139.0044,346
0.2424682,4.77856,139.1225,347
0.2137222,4.811582,139.2441,347
0.2325463,4.820506,139.3626,347
0.2586586,4.834456,139.4754,347
0.2884005,4.849683,139.5894,348
0.3394348,4.867455,139.7052,348
0.38287,4.880014,139.8318,349
0.3934107,4.863644,139.9556,349
0.4045184,4.802955,140.0632,349
0.4125378,4.784494,140.1935,350
0.4032098,4.751649,140.3067,350
0.3948836,4.719624,140.4182,350
0.3739475,4.668187,140.5307,350
0.2996506,4.559865,140.6526,350
0.2184432,4.490068,140.7666,350
0.1618364,4.451822,140.8768,350
0.1166611,4.423381,140.9986,350
0.1007417,4.402977,141.1189,350
0.08732975,4.390434,141.236,350
0.08467112,4.386276,141.3578,350
0.08921912,4.378836,141.4753,350
0.08159801,4.400413,141.5883,350
0.07915598,4.414628,141.7006,350
-1.42493,5.295992,141.8203,350
0.05463014,4.512575,141.9387,350
0.09247043,4.578897,142.0629,350
0.1438648,4.670972,142.1861,350
0.2119566,4.780039,142.2999,350
0.2626522,4.91209,142.4177,350
0.2661101,4.970151,142.5289,350
0.2729993,5.02642,142.6468,350
0.2532297,5.038191,142.7616,350
0.245887,5.059272,142.8702,350
0.2221789,5.090933,142.9911,350
0.2158922,5.103323,143.1061,350
0.2132483,5.079642,143.2188,350
0.2431596,5.041933,143.3342,350
0.2682515,5.026069,143.4498,350
0.2956804,5.009955,143.5714,350
0.2901462,5.008797,143.6934,350
0.2489572,5.028637,143.8096,355
0.2270967,5.037973,143.9293,355
0.1953093,4.997407,144.0426,360
0.1891409,4.945127,144.156,365
0.1906297,4.909326,144.2736,365
0.2376697,4.804645,144.3986,370
0.2654321,4.699504,144.5148,375
0.3305004,4.620642,144.6366,375
0.4002381,4.560746,144.754,375
0.4634613,4.519223,144.8702,375
0.5365099,4.45096,144.9815,375
0.6239422,4.404943,145.1003,375
0.7854844,4.360887,145.2145,375
0.9049477,4.332116,145.3275,375
1.003413,4.308386,145.4422,375
1.090042,4.28593,145.5643,375
1.16505,4.286077,145.6739,375
1.239177,4.29918,145.7856,375
1.36308,4.33962,145.8944,375
1.474283,4.419933,146.0155,375
1.541404,4.474613,146.1365,375
1.575954,4.520301,146.2517,375
1.601709,4.577482,146.3762,375
1.637755,4.645501,146.4893,380
1.650309,4.708607,146.6131,380
1.684594,4.786042,146.73,385
1.712657,4.891028,146.8492,390
1.729627,4.929333,146.9622,390
1.745822,4.945103,147.0798,395
1.737184,4.941349,147.198,400
1.699453,4.961252,147.314,400
0.2123621,5.757284,147.433,405
0.1971164,5.721647,147.5505,410
0.166176,5.700929,147.6624,410
0.09590017,5.663892,147.7741,415
0.006795737,5.627604,147.8916,415
-0.1406754,5.569012,148.0081,415
-0.2903119,5.533847,148.124,415
-0.4478988,5.503151,148.2381,415
-0.5381327,5.46801,148.366,415
-0.636919,5.415769,148.4785,415
0.7236615,4.531157,148.5921,415
0.6413306,4.470321,148.7066,415
0.571103,4.422928,148.8136,420
0.4920456,4.342549,148.9455,420
0.4216623,4.307714,149.0672,425
0.3795895,4.301312,149.1797,430
0.2991205,4.297819,149.2885,430
0.2051267,4.320173,149.4066,435
0.142492,4.320742,149.5182,440
0.1025296,4.299486,149.6335,440
0.06552711,4.279316,149.7522,445
0.04386388,4.247087,149.8728,450
0.03914816,4.239937,149.9827,450
0.03663949,4.207719,150.0922,450
0.03977638,4.19526,150.1996,450
0.04724509,4.169347,150.311,450
0.06737647,4.140492,150.4256,450
0.06275611,4.101841,150.5383,450
0.1156856,4.03124,150.6582,450
0.1390433,3.971338,150.7728,455
0.1621414,3.910673,150.8801,455
0.2253202,3.81764,151.0029,460
0.2871929,3.732801,151.1176,465
0.3389308,3.640246,151.2311,465
0.3574792,3.607409,151.3353,470
0.3707181,3.553518,151.4508,470
0.374907,3.487431,151.5574,470
0.3563291,3.428107,151.6776,470
0.3405093,3.373389,151.7936,470
0.2992308,3.31459,151.9078,470
0.2280762,3.245323,152.0226,470
0.1627824,3.190903,152.1392,470
0.081641,3.171953,152.254,470
0.02254817,3.171268,152.3668,470
-0.006404868,3.131981,152.482,470
-0.02762912,3.121844,152.5906,470
-0.04220356,3.118276,152.6966,470
-0.04240079,3.116293,152.8041,470
-0.04424331,3.106029,152.9168,470
-0.05449914,3.095221,153.0217,470
-0.0649662,3.098264,153.142,470
-0.07937553,3.112822,153.2503,470
-0.1183404,3.139496,153.3696,470
-0.128884,3.153404,153.4806,470
-0.1267846,3.182184,153.5968,470
-0.1407938,3.201258,153.71,470
-0.1423067,3.195023,153.8229,470
-0.1280708,3.179987,153.9446,470
-0.07661864,3.18763,154.0502,470
0.02210156,3.200312,154.1637,470
0.06669197,3.21657,154.2773,471
0.1323394,3.219365,154.39,471
0.1983895,3.235899,154.5024,471
0.2404586,3.247479,154.6097,471
0.2936049,3.279228,154.7212,471
0.3425651,3.299925,154.8335,471
0.3730727,3.318491,154.9396,471
0.3806574,3.312535,155.0883,471
0.3641068,3.293508,155.1985,471
0.3061169,3.232816,155.323,471
0.2925406,3.224215,155.4362,471
0.2605372,3.216439,155.5551,471
0.2570539,3.199196,155.7239,471
0.245162,3.187737,155.8325,471
0.2289683,3.168173,155.944,471
0.225339,3.170902,156.0545,471
0.2314804,3.188185,156.1587,471
0.2405031,3.236434,156.3304,471
0.2384865,3.231037,156.4942,471
0.2375891,3.222907,156.6059,471
0.2477613,3.2177,156.718,471
0.2653703,3.212349,156.8293,471
0.2978555,3.217144,156.9379,471
0.3247308,3.225217,157.0458,471
0.3665247,3.256568,157.166,471
0.432964,3.31132,157.273,471
0.4822189,3.355486,157.3808,471
0.5725459,3.450557,157.4883,471
0.6361219,3.557379,157.6042,471
0.6626994,3.610246,157.7206,471
0.6667075,3.62739,157.8249,471
0.6805686,3.657136,157.9389,471
0.6867657,3.689896,158.0516,471
0.705255,3.700559,158.1676,471
0.7150629,3.696044,158.3242,471
0.7139174,3.694227,158.4328,471
0.7288505,3.688625,158.5477,472
0.7371669,3.691734,158.667,472
0.7400172,3.692994,158.8322,472
0.7360087,3.693065,158.9414,473
0.7194715,3.705779,159.0611,473
0.6644346,3.737706,159.2281,473
0.6329989,3.759973,159.3336,473
0.5929374,3.812325,159.4418,473
0.5908449,3.867945,159.5597,473
0.5728248,3.904366,159.6725,473
0.5640328,3.926079,159.7863,473
0.5730604,3.935428,159.8985,473
0.5925707,3.941206,160.0114,474
0.6083309,3.944288,160.1363,474
0.6605763,3.949798,160.2586,474
0.7290247,3.957761,160.3742,474
0.8085781,3.976201,160.486,474
0.846525,3.986473,160.597,474
0.9114032,3.980776,160.7086,474
0.9235187,3.968026,160.8245,474
0.9489332,3.94838,160.9553,474
0.9762095,3.936669,161.0686,474
0.9942869,3.911829,161.1766,474
0.9972504,3.856333,161.2862,474
0.9909142,3.783127,161.4056,474
0.9696499,3.696008,161.5218,474
0.965683,3.655587,161.6284,474
0.9588264,3.600272,161.7435,474
0.946893,3.559323,161.8721,474
0.9480391,3.535814,161.9833,475
0.9423529,3.515874,162.0947,475
0.9487519,3.500194,162.2066,475
0.9484708,3.487645,162.3239,476
0.9513608,3.47291,162.4333,476
0.9595777,3.46363,162.5517,476
0.9708972,3.4511,162.6733,477
0.9744674,3.435647,162.785,477
0.9761469,3.416363,162.9002,477
-0.4717805,4.211422,163.0115,478
-0.437414,4.170919,163.1296,478
-0.4175736,4.132129,163.25,478
-0.413536,4.103117,163.3711,478
-0.4118854,4.073834,163.4824,478
-0.4179163,4.064347,163.6087,479
-0.4200724,4.056853,163.7182,479
-0.4375837,4.04061,163.8224,479
-0.4705704,4.025953,163.9324,479
-0.5287156,4.014425,164.0511,479
-0.5738082,4.007211,164.1686,479
-0.6029311,4.002879,164.2818,479
-0.6180967,3.994507,164.4076,479
-0.6140192,3.989407,164.5279,479
-0.6056522,3.990872,164.6354,479
-0.5967783,3.991094,164.7454,480
-0.5937907,3.995304,164.8597,480
-0.589836,3.997537,164.9698,480
-0.5890532,4.000391,165.1769,481
-0.5963181,4.003616,165.3362,481
-0.6092836,3.994951,165.4426,481
-0.6149094,3.988009,165.5481,481
-0.6528412,3.955045,165.665,481
-0.6912947,3.939767,165.7728,481
-0.7200816,3.904099,165.8828,481
-0.7233814,3.859118,165.9952,481
-0.713548,3.815531,166.1008,481
-0.7217223,3.744034,166.2206,481
-0.7204868,3.628414,166.3728,482
-0.7230395,3.613192,166.481,482
-0.723058,3.523085,166.5827,482
-0.7334806,3.480908,166.7383,482
-0.7610304,3.435212,166.8438,482
-0.8154899,3.396392,166.9968,483
-0.9196586,3.358958,167.165,483
-0.9996132,3.367012,167.3601,483
-1.034764,3.379046,167.4696,483
-1.040141,3.382284,167.5824,483
-1.066289,3.412425,167.6946,483
-1.091938,3.429959,167.8081,484
-1.12288,3.448182,167.9268,484
-1.14187,3.472561,168.0449,484
-1.154314,3.481795,168.1565,484
-1.192217,3.494417,168.271,484
-1.213622,3.501231,168.3878,484
-1.216403,3.503658,168.5052,484
-1.220088,3.494384,168.6133,484
-1.184865,3.480644,168.7282,484
-1.155915,3.448553,168.8463,484
-1.136005,3.412035,168.9573,484
-1.104114,3.384082,169.0646,484
-1.096538,3.359966,169.1757,484
-1.067163,3.346632,169.2986,484
-1.050604,3.335999,169.4141,484
-1.026291,3.332865,169.5301,484
-1.023876,3.331954,169.6442,484
-1.024464,3.318502,169.7675,485
-1.025209,3.318103,169.8818,485
-1.015684,3.337058,169.9958,485
-1.010064,3.347642,170.111,486
-1.020558,3.340334,170.2228,486
-1.025052,3.333827,170.3322,487
-1.021432,3.306364,170.443,487
-1.001359,3.296026,170.5595,487
-0.9839165,3.290179,170.6819,488
-0.9468775,3.285211,170.7877,488
-0.9123874,3.283091,170.9106,488
-0.8865383,3.280932,171.0265,488
-0.8410911,3.267157,171.1512,488
-0.8115644,3.256672,171.2674,488
-0.7469106,3.240173,171.3868,489
-0.645314,3.229261,171.5059,489
-0.5672204,3.222658,171.6262,489
-0.5075395,3.206471,171.737,489
-0.4651671,3.190951,171.8462,489
-0.4416641,3.177068,171.96,490
-0.4100043,3.173933,172.0757,490
-0.3860783,3.171528,172.1855,490
-0.3716404,3.172726,172.3034,490
-0.3712592,3.180235,172.42,490
-0.3593043,3.186969,172.545,490
-0.3518208,3.187799,172.6626,490
-0.358729,3.188494,172.7793,490
-0.3660432,3.189785,172.8951,490
-0.370748,3.185081,173.0106,490
-0.3781314,3.180358,173.1219,490
-0.3906429,3.169278,173.2361,490
-0.3987258,3.156821,173.3446,490
-0.4135795,3.136589,173.46,490
-0.4395227,3.086584,173.5707,490
-0.4691021,3.053319,173.6764,490
-0.5264805,2.992021,173.7839,490
-0.5698992,2.952612,173.8905,490
-0.6362869,2.889333,174.0058,490
-0.6960285,2.845475,174.1252,490
-0.7246308,2.821732,174.2411,490
-0.7356902,2.798317,174.3644,490
-0.7537901,2.780934,174.4755,490
-0.755285,2.774708,174.5825,491
-0.7588812,2.762868,174.6921,491
-0.7541883,2.753091,174.7996,491
-0.7449074,2.744119,174.9064,491
-0.7303524,2.727511,175.0171,492
-0.7376218,2.70788,175.124,492
-0.7516745,2.691102,175.2471,492
-0.7451488,2.674128,175.3576,492
-0.7627119,2.652145,175.4665,493
-0.7938527,2.640548,175.5763,493
-0.8403527,2.616104,175.6835,493
-0.9189718,2.575718,175.7914,493
-0.9953479,2.557037,175.8985,493
-1.065865,2.552425,176.0017,493
-1.13731,2.548711,176.1217,494
-1.167249,2.539865,176.2477,494
-1.182376,2.536937,176.3617,494
-1.183856,2.533286,176.4719,494
-1.160927,2.537112,176.5864,494
-1.113645,2.547772,176.707,494
-1.086368,2.546221,176.8175,494
-1.041669,2.553257,176.9332,495
-1.004456,2.567616,177.0502,495
-0.930672,2.566302,177.1747,495
-0.8300607,2.580025,177.2886,496
-0.746666,2.622075,177.4035,496
-0.67493,2.658885,177.5146,496
-0.6149927,2.697118,177.6226,496
-0.5770568,2.753426,177.7307,496
-0.5599595,2.78912,177.8463,496
-0.5813272,2.828192,177.9641,496
-0.6217687,2.872871,178.0848,496
-0.6352947,2.886379,178.2077,496
-0.645202,2.894945,178.3337,496
-0.6382385,2.874413,178.451,496
-0.6249577,2.835658,178.5668,496
-0.612938,2.784838,178.6786,496
-0.6069722,2.749734,178.7834,496
-0.6144333,2.710391,178.887,496
-0.627918,2.679547,179.0017,496
-0.6422268,2.646669,179.1214,496
-0.680362,2.616228,179.2283,496
-0.7228883,2.589725,179.3487,496
-0.8167345,2.548762,179.5022,496
-0.886173,2.512262,179.6095,496
-0.9118699,2.499711,179.7232,496
-0.9177316,2.488039,179.8316,496
-0.934817,2.477067,179.9498,496
-0.9532192,2.472928,180.0607,496
-0.9848036,2.469371,180.1691,496
-1.047602,2.455785,180.2787,496
-1.117577,2.44148,180.3852,496
-1.152758,2.436521,180.5039,496
-1.170259,2.428651,180.6649,496
-1.166035,2.427409,180.7864,496
-1.133023,2.428602,180.892,496
-1.091315,2.426984,181.1054,496
-1.091915,2.434001,181.3148,497
-1.07324,2.472815,181.5139,497
-1.065401,2.499973,181.6252,497
-1.083778,2.61505,181.7774,497
-1.104338,2.680126,181.9176,497
-1.117855,2.757297,182.1136,497
-1.123628,2.777826,182.2166,497
-1.122896,2.798636,182.3199,497
-1.128955,2.812698,182.5946,497
-1.130727,2.806146,182.7358,498
-1.127579,2.803329,182.838,498
-1.111523,2.788741,182.9427,498
-1.090565,2.76529,183.0448,499
-1.04653,2.722536,183.1992,499
-0.9809036,2.652645,183.3468,499
-0.9004003,2.487274,183.5991,499
-0.8620816,2.388944,183.7407,499
-0.8400799,2.335572,183.8421,499
-0.8336065,2.290345,183.9425,499
-0.8184025,2.255389,184.0491,499
-0.7962167,2.219716,184.2158,499
-0.7834868,2.238049,184.3712,499
-0.7804579,2.246686,184.4764,499
-0.7892169,2.278319,184.6177,499
-0.7782826,2.294923,184.7598,499
-0.7528815,2.294826,184.8703,499
-0.7331799,2.283634,184.9781,499
-0.6887374,2.262498,185.0973,499
-0.6328104,2.23398,185.2101,499
-0.5774051,2.198015,185.325,499
-0.5308723,2.16105,185.4304,499
-0.4642501,2.126687,185.5402,499
-0.4016011,2.102966,185.6556,499
-0.3495994,2.08375,185.7681,499
-0.3156017,2.071688,185.8856,499
-0.2784472,2.062412,186.0055,499
-0.2180273,2.076593,186.1217,499
-0.1597569,2.112199,186.2377,499
-0.1199267,2.151168,186.35,499
-0.07877071,2.191262,186.4618,499
-0.05112711,2.241221,186.5706,499
-0.04728106,2.279984,186.6825,499
-0.04464041,2.316559,186.7961,499
-0.0436784,2.351841,186.9112,499
-0.03433267,2.471759,187.0247,499
-0.02637512,2.568872,187.1395,499
-0.01747857,2.642606,187.2482,499
-0.008496279,2.675452,187.3566,499
0.003511583,2.716988,187.4671,499
0.02966851,2.756393,187.5897,499
0.04461769,2.770501,187.6982,499
0.07277714,2.771232,187.8111,499
0.09891768,2.778414,187.9219,499
0.1359245,2.788857,188.0307,499
0.1510099,2.786391,188.1447,500
0.1700587,2.786789,188.257,500
0.1825083,2.788507,188.3724,501
0.1954525,2.791799,188.4908,501
0.1926868,2.793409,188.6019,501
0.1877578,2.79826,188.7245,502
0.1887674,2.803684,188.8451,502
0.1863829,2.806727,188.9636,503
0.1872395,2.81542,189.0696,503
0.1820257,2.820708,189.1736,503
0.1774127,2.828276,189.284,504
0.167797,2.831833,189.4032,504
0.1515282,2.849924,189.5209,505
0.1357821,2.878378,189.6394,505
0.1306749,2.893411,189.7507,505
0.1413124,2.935209,189.8622,506
0.1445336,2.957753,189.9698,506
0.1592372,2.957871,190.08,506
0.1962784,2.959259,190.1849,507
0.2257006,2.951012,190.2917,507
0.2540838,2.934154,190.4104,508
0.3100396,2.920877,190.5439,508
0.4277626,2.895093,190.6576,509
0.4660329,2.88943,190.7652,509
0.5345894,2.913528,190.8822,509
0.5505884,2.925779,191.0025,510
0.5746381,2.964592,191.1168,510
0.5736362,3.012455,191.2306,510
0.5704019,3.086879,191.3475,511
0.5678318,3.157717,191.4662,511
0.5563741,3.213061,191.5788,512
0.5589651,3.262468,191.6913,512
0.5614669,3.28402,191.8003,513
0.5661679,3.313505,191.9066,513
0.560738,3.332502,192.0219,513
0.5513572,3.354734,192.1301,514
0.5350446,3.39005,192.2402,514
0.5530526,3.436467,192.3702,519
0.5453439,3.47273,192.4858,519
0.5687592,3.534762,192.596,524
0.5604241,3.589095,192.7018,524
0.542126,3.641425,192.8602,529
0.5442156,3.614012,192.9724,534
0.5115199,3.560526,193.0753,534
0.4146839,3.460753,193.1875,539
0.3534042,3.393108,193.3104,544
0.2502623,3.318721,193.4162,544
0.1890086,3.260439,193.5198,549
0.1459654,3.19315,193.6249,549
0.09040774,3.097081,193.7384,549
0.05475781,3.010805,193.8447,549
0.01745993,2.928533,193.952,549
-0.01434372,2.845555,194.0598,549
-0.03059131,2.772024,194.1668,549
-0.03239787,2.693334,194.2933,549
-0.03380888,2.640868,194.4094,554
-0.02182755,2.577245,194.52,554
-0.003464417,2.502868,194.6306,559
0.0226268,2.455731,194.7406,559
0.07497038,2.389932,194.8509,559
0.1133812,2.353861,194.9604,564
0.1567899,2.312488,195.0672,569
0.2542124,2.273629,195.2634,574
0.3930066,2.240407,195.462,579
0.5137773,2.219279,195.566,584
0.6068643,2.224441,195.7092,589
0.7719046,2.258207,195.8631,589
0.8439549,2.27313,196.0096,589
0.8970764,2.307704,196.1285,589
0.9521226,2.371526,196.2423,589
1.009717,2.40801,196.3509,594
1.068375,2.539551,196.5039,599
1.089332,2.628432,196.692,604
1.155202,2.696001,196.8824,609
1.167318,2.706681,196.9849,609
1.224055,2.769229,197.1341,609
1.251691,2.847209,197.2717,609
1.278296,2.905694,197.3741,609
1.326184,2.982315,197.5158,609
1.339351,3.045178,197.7044,614
1.337039,3.057687,197.8067,619
1.304806,3.130542,197.9533,624
1.285124,3.185528,198.0949,629
1.283395,3.206024,198.2012,629
1.289052,3.180744,198.304,629
1.311874,3.152965,198.4174,634
1.369897,3.090415,198.5254,639
1.477874,3.00988,198.6506,644
1.554147,2.965323,198.7631,644
1.603294,2.931239,198.8671,644
1.657888,2.873373,198.9809,644
1.709055,2.80219,199.0881,644
1.735612,2.769889,199.1943,649
1.78856,2.694954,199.3013,654
1.850456,2.573727,199.4082,654
1.887771,2.466601,199.5208,659
1.901443,2.353531,199.6296,659
1.913154,2.307588,199.7354,664
1.910085,2.250475,199.8455,664
1.914629,2.197329,199.9541,664
1.922243,2.169177,200.0662,669
1.928036,2.147205,200.1758,674
1.941866,2.129817,200.2787,674
1.955628,2.108068,200.3961,679
1.953008,2.079821,200.5101,679
1.931328,2.051101,200.6196,684
1.907081,2.033847,200.7222,689
1.916013,1.998164,200.8277,689
1.904468,1.970177,200.9382,694
1.857986,1.920637,201.044,699
1.820334,1.893738,201.1521,699
1.7272,1.848101,201.2636,699
1.617132,1.809688,201.3713,699
1.540196,1.792553,201.48,699
1.453612,1.794044,201.5924,704
1.400132,1.801796,201.7041,709
1.371438,1.801298,201.8073,709
1.356337,1.805501,201.9117,709
1.341966,1.79824,202.0228,714
1.32319,1.795159,202.1384,719
1.281698,1.789203,202.2498,719
1.247472,1.786082,202.3594,724
1.216626,1.781053,202.4621,724
1.197058,1.777918,202.5663,724
1.131487,1.777371,202.6726,725
1.018558,1.808807,202.779,725
0.9860399,1.809314,202.8877,725
0.9155471,1.855589,203.0073,726
0.9007651,1.886711,203.1139,726
0.8795958,1.934762,203.218,726
0.8467775,2.000549,203.3187,726
0.8280782,2.025909,203.4224,727
0.8118366,2.04642,203.5261,727
0.8110115,2.064783,203.6343,727
0.811658,2.0766,203.7391,727
0.8276648,2.08414,203.8512,728
0.8338183,2.084204,203.963,728
0.8771505,2.082272,204.0774,728
0.9270747,2.075484,204.2275,728
0.9481277,2.066215,204.3379,728
0.979164,2.045051,204.4467,728
0.9898628,2.039673,204.5533,728
1.045426,2.027691,204.6569,728
1.108468,2.000671,204.7619,728
1.138751,1.978054,204.8732,728
1.17894,1.94289,204.9813,728
1.210883,1.913256,205.0877,728
1.248125,1.861016,205.1953,728
1.268331,1.832869,205.3045,728
1.325729,1.768936,205.4151,728
1.357036,1.739134,205.5213,728
1.380007,1.705265,205.6257,729
1.419529,1.679722,205.7376,729
1.417869,1.680006,205.8496,730
1.440899,1.68193,205.9542,730
1.467601,1.705145,206.066,730
1.480511,1.711039,206.17,730
1.510123,1.737525,206.2866,730
1.525468,1.756891,206.4013,730
1.54346,1.789212,206.5094,730
1.53434,1.816499,206.6216,730
1.530514,1.835023,206.7412,730
1.518696,1.853414,206.845,730
1.487975,1.887948,206.9599,730
1.461062,1.917833,207.0719,730
1.439104,1.964082,207.189,730
1.43123,1.985153,207.3085,730
1.414579,2.010255,207.4377,730
1.398032,2.012599,207.5512,730
1.375962,2.016445,207.6705,730
1.358799,2.014811,207.7919,730
1.33369,2.004458,207.9143,730
1.317514,1.996954,208.0264,730
1.272784,1.946671,208.1454,730
1.207601,1.892119,208.2771,730
1.131555,1.813182,208.414,730
1.095445,1.729312,208.5348,731
1.066738,1.6997,208.6572,731
1.032016,1.654114,208.7639,731
0.9839934,1.607675,208.8739,732
0.9588123,1.587687,208.9767,732
0.9285371,1.573285,209.0897,732
0.8444083,1.565888,209.2226,732
0.8120974,1.572026,209.3536,732
0.7893271,1.587919,209.4673,732
0.7801861,1.590453,209.5972,732
0.7682289,1.591824,209.7136,732
0.7635435,1.599368,209.8369,732
0.7703047,1.606476,209.9635,732
0.7712708,1.608938,210.0936,732
0.7920175,1.614082,210.2067,732
0.8249523,1.619591,210.3999,732
0.8829474,1.63175,210.5434,732
0.9250692,1.624884,210.6516,732
0.975207,1.620051,210.7644,732
1.029917,1.623969,210.8702,732
1.128107,1.63446,210.976,732
1.288211,1.630557,211.1696,732
1.313938,1.622447,211.2726,732
1.370034,1.590184,211.4259,732
1.415292,1.550064,211.5457,732
1.492062,1.453575,211.6936,732
1.538167,1.352576,211.835,732
1.575495,1.26283,212.0364,732
1.614948,1.194818,212.2249,732
1.685278,1.145918,212.4134,732
1.738948,1.118076,212.521,732
1.790278,1.092314,212.6643,732
1.833867,1.082787,212.817,732
1.88844,1.079072,212.931,733
1.936468,1.106645,213.0404,733
1.971564,1.135282,213.1465,733
1.992386,1.147724,213.2498,734
2.058521,1.196082,213.3558,734
2.094093,1.218405,213.4745,735
2.118048,1.233125,213.5843,735
2.122701,1.232717,213.6941,736
2.127857,1.230436,213.7966,736
2.133847,1.229325,213.904,736
2.130326,1.217533,214.0075,737
2.119091,1.206391,214.1095,737
2.098085,1.202359,214.216,737
2.073041,1.191995,214.3301,737
2.031967,1.142368,214.4515,738
1.985662,1.085712,214.5627,738
1.946674,1.010962,214.6651,738
1.941782,0.9918478,214.7757,739
1.938229,0.9870805,214.8785,739
1.911004,0.9645129,214.9936,740
1.895687,0.9694384,215.1095,740
1.879146,0.9841582,215.2171,740
1.85741,1.015829,215.3257,741
1.829164,1.068168,215.4339,741
1.819901,1.152489,215.5418,741
1.825953,1.191871,215.6478,741
1.843414,1.255412,215.7567,741
1.861405,1.314403,215.8599,742
1.882665,1.349787,215.9642,742
1.893277,1.363751,216.0672,743
1.890056,1.407534,216.1817,743
1.887148,1.478975,216.2959,743
1.876675,1.497324,216.4035,743
1.856935,1.493896,216.5174,744
1.820795,1.50653,216.6301,744
1.777802,1.520973,216.7374,744
1.747265,1.538014,216.8417,744
1.694355,1.562473,216.9519,745
1.66073,1.579162,217.0745,745
1.644518,1.586092,217.1763,745
1.63076,1.588056,217.2864,746
1.628734,1.589365,217.3941,746
1.621568,1.595196,217.4975,747
1.61335,1.610912,217.6017,747
1.605562,1.615382,217.7071,747
1.600162,1.613629,217.8167,748
1.589967,1.609394,217.9327,748
1.583475,1.600438,218.0403,748
1.580075,1.600209,218.1508,748
1.5769,1.601264,218.2623,748
1.576101,1.597779,218.371,748
1.567386,1.594874,218.4768,748
1.543753,1.580116,218.5807,749
1.535977,1.571869,218.691,749
1.500161,1.556589,218.814,749
1.476331,1.544772,218.9241,749
1.441628,1.515172,219.03,750
1.398926,1.481912,219.1387,750
1.354869,1.437919,219.2406,750
1.317695,1.397105,219.3449,750
1.262108,1.347994,219.4576,750
1.206987,1.313304,219.5609,750
1.171024,1.290557,219.6754,750
1.131285,1.276119,219.7776,750
1.086354,1.259468,219.8819,750
1.052469,1.254512,219.9979,750
1.006683,1.27467,220.1034,750
0.977614,1.287689,220.2126,750
0.9441394,1.295428,220.317,750
0.9321362,1.305661,220.4257,750
0.92193,1.331568,220.5479,750
0.9266505,1.34891,220.6748,750
0.9310612,1.361041,220.7947,750
0.9308158,1.371055,220.9559,750
0.9326258,1.37402,221.0657,750
0.9398834,1.363601,221.181,750
0.9420688,1.351925,221.3043,750
0.9480233,1.34364,221.4232,750
0.9639341,1.331291,221.5467,750
0.9963574,1.312238,221.6546,750
1.05908,1.276281,221.7608,750
1.108342,1.251089,221.8819,750
1.196822,1.190275,221.9984,750
1.261389,1.15515,222.1135,750
1.324597,1.118061,222.2381,750
1.368262,1.083967,222.361,750
1.439751,0.9996713,222.4773,750
1.511555,0.8985755,222.5972,750
1.532087,0.8224956,222.704,750
1.550418,0.758275,222.819,750
1.55214,0.6956297,222.9267,750
1.551907,0.6610717,223.0508,750
1.59144,0.5974149,223.1698,750
1.650108,0.5576307,223.2808,750
1.712015,0.520753,223.4024,750
1.770727,0.4673985,223.526,750
1.803511,0.4271372,223.6399,750
1.838368,0.4275749,223.756,750
1.881933,0.4318416,223.8665,750
1.921762,0.4291238,223.9925,750
1.948291,0.4111603,224.1026,750
1.981811,0.4086096,224.2211,750
2.045983,0.3761943,224.3464,750
2.076538,0.3505137,224.4684,750
2.09401,0.3390545,224.5784,750
2.100044,0.3309061,224.6936,750
2.094569,0.2781864,224.8089,750
2.101708,0.2483986,224.927,750
2.10604,0.2250306,225.0425,750
2.117729,0.2105666,225.1542,751
2.124379,0.2165477,225.2662,751
2.144679,0.2488651,225.3914,752
2.171713,0.2859223,225.505,752
2.181246,0.3013464,225.6212,752
2.184251,0.325722,225.7314,753
2.179105,0.3288954,225.8493,753
2.162354,0.3247638,225.9507,754
2.128677,0.3028737,226.0658,754
2.069903,0.2497032,226.173,754
2.017628,0.1893478,226.2981,754
1.996482,0.1674974,226.4059,755
1.953572,0.1314132,226.5096,755
1.899442,0.100805,226.63,755
1.840155,0.08438685,226.7527,755
1.78664,0.0761542,226.8584,755
1.72745,0.07716071,226.9611,755
1.637238,0.08595435,227.0691,755
1.588483,0.0906974,227.1796,756
1.557478,0.09581541,227.2946,756
1.516325,0.09561665,227.4017,756
1.472578,0.09218427,227.5232,757
1.4256,0.08496182,227.6423,757
1.385995,0.06284892,227.7566,758
1.349829,0.04268801,227.8625,758
1.311912,0.008521262,227.9739,759
1.249741,-0.03497002,228.0932,759
1.224466,-0.05992276,228.2079,759
1.191302,-0.07488871,228.3238,760
1.165108,-0.07495215,228.429,760
1.125559,-0.081408,228.6035,761
1.111048,-0.0859539,228.7108,761
1.061766,-0.08907487,228.8238,762
1.027818,-0.08122456,228.9315,762
1.007112,-0.07142293,229.0462,762
0.9800784,-0.05089057,229.1603,763
0.9664679,-0.0422473,229.2948,763
0.9563386,-0.03850835,229.404,763
0.9490119,-0.04018358,229.5164,763
0.9384239,-0.04084876,229.6273,764
0.9241884,-0.04895737,229.7496,764
0.9117874,-0.05765541,229.8584,764
0.8928899,-0.07422819,230.0107,764
0.886435,-0.07541383,230.1252,764
0.8866153,-0.07607403,230.2387,764
0.887928,-0.06109469,230.3551,764
0.8902168,-0.04597685,230.4733,764
0.8973336,-0.01486156,230.5843,764
0.905753,0.02893274,230.7007,764
0.9285518,0.1229731,230.8167,764
0.9469398,0.1983769,230.9299,765
0.9747081,0.2678148,231.0491,765
1.007656,0.3166825,231.1655,765
1.034289,0.3427399,231.274,765
1.071999,0.3705715,231.3889,765
1.098897,0.3941489,231.5011,765
1.128066,0.4279039,231.6035,766
1.171517,0.4844049,231.7052,766
1.2021,0.5420148,231.8147,766
1.230291,0.5840544,231.9297,767
1.252944,0.6089391,232.042,767
1.266232,0.6269149,232.145,767
1.276371,0.6343813,232.2567,768
1.284196,0.640874,232.3756,768
1.288383,0.6440266,232.4853,768
1.290809,0.6474041,232.5966,769
1.295617,0.6570707,232.7038,769
1.301298,0.6563706,232.8173,769
1.304497,0.6593509,232.9205,770
1.305774,0.6603503,233.0252,770
1.308395,0.6622688,233.1473,771
1.306508,0.6623389,233.2607,771
1.308047,0.6559202,233.3871,772
1.300837,0.6471316,233.5065,772
1.293131,0.6384656,233.6193,772
1.272364,0.616137,233.729,773
1.268243,0.5968347,233.85,773
1.268252,0.5909742,233.9597,773
1.273668,0.5800273,234.0741,774
1.289744,0.568305,234.1844,774
1.324157,0.5618873,234.3011,775
1.372898,0.5576653,234.4235,775
1.402547,0.5541863,234.5417,776
1.44792,0.5609539,234.6573,776
1.470873,0.5613945,234.7738,776
1.487773,0.5681891,234.8975,777
1.510544,0.5797307,235.0151,777
1.532081,0.5993738,235.135,777
1.540442,0.6164467,235.2528,778
1.551786,0.6582856,235.3736,778
1.554838,0.6824684,235.4772,778
1.564167,0.7163042,235.5855,778
1.556606,0.7421994,235.7019,778
1.546328,0.7584497,235.8139,778
1.50043,0.786725,235.9292,778
1.46932,0.7620531,236.0392,778
1.413242,0.7564428,236.1566,779
1.340891,0.7438729,236.2666,779
1.276492,0.7108165,236.3873,779
1.192815,0.6898053,236.5093,779
1.096219,0.725615,236.6186,780
0.9999481,0.7594754,236.7261,780
0.8935875,0.806078,236.8373,780
0.7599385,0.8753327,236.9502,780
0.6948405,0.9071576,237.0694,780
0.674287,0.925115,237.183,780
0.6637872,0.9337231,237.2999,780
0.6351047,0.9591426,237.4195,780
0.6254488,0.9802336,237.5355,780
0.639327,0.9934421,237.6551,780
0.6305755,1.000613,237.7617,780
0.6144304,1.026091,237.8788,780
0.616635,1.05821,237.9948,780
0.6153034,1.089491,238.105,780
0.613646,1.111818,238.2675,780
0.6177754,1.121561,238.3771,780
0.6177888,1.124881,238.4822,780
0.61575,1.122993,238.5946,780
0.6134446,1.118074,238.7061,780
0.6121311,1.111968,238.8097,780
0.6097279,1.10146,238.9392,780
0.6046248,1.084832,239.0546,780
0.6081221,1.076533,239.1593,780
0.6129136,1.053008,239.265,780
0.6050223,1.020592,239.3784,780
0.5947319,0.9754274,239.4976,780
0.5919301,0.951781,239.6099,780
0.5895826,0.8486913,239.7145,780
0.5927003,0.7626978,239.8259,780
0.6021546,0.7036585,239.9431,780
0.5952358,0.6304558,240.0484,780
0.5759473,0.5588502,240.1873,780
0.5623682,0.4930298,240.2912,780
0.54083,0.4566934,240.4,780
0.5069969,0.4102164,240.5441,780
0.4580998,0.3354337,240.6953,780
0.4290774,0.2993792,240.8117,780
0.38767,0.239056,240.9207,780
0.3786212,0.2292518,241.0228,780
0.3454913,0.2034767,241.1317,780
0.3256028,0.1143904,241.2871,780
0.3312068,0.07447129,241.3941,780
0.3386895,0.01483228,241.5376,780
0.3929484,-0.06573852,241.7451,780
0.4306161,-0.1183957,241.9108,781
0.4525642,-0.1446335,242.021,781
0.4716597,-0.1836419,242.1307,782
0.4961211,-0.2257548,242.2494,782
0.5150172,-0.246979,242.3583,782
0.5239518,-0.259969,242.4652,783
0.5254781,-0.2782695,242.5835,783
0.5178699,-0.290913,242.7111,784
0.4886535,-0.3114689,242.8227,784
0.4327458,-0.33396,242.9348,784
0.3763874,-0.3538782,243.0475,785
0.31778,-0.3927367,243.1611,785
0.2658701,-0.4459409,243.3123,785
0.2438737,-0.475984,243.4201,785
0.2474691,-0.4937288,243.5372,786
0.2357994,-0.54071,243.6502,786
0.2054073,-0.6122165,243.7611,787
0.2007569,-0.6556372,243.8879,787
0.1971647,-0.6577629,243.9997,787
0.2199927,-0.6631935,244.1202,788
0.2291734,-0.6649575,244.2243,788
0.2480925,-0.6785805,244.3456,789
0.2714644,-0.6804661,244.4479,789
0.2901954,-0.6833172,244.5539,789
0.3802825,-0.6993415,244.6665,789
0.4888096,-0.7288716,244.777,790
0.5913426,-0.7725578,244.8891,790
0.6315746,-0.7895297,244.9958,790
0.6893531,-0.8093654,245.1043,791
0.7000368,-0.8267261,245.2087,791
0.7023019,-0.8607685,245.3131,791
0.7122815,-0.8859378,245.4335,791
0.7366382,-0.9321027,245.5635,791
0.7129154,-0.935302,245.6732,796
0.7015446,-0.9414469,245.7909,796
0.6615695,-0.908721,245.9016,801
0.6226649,-0.8865274,246.0028,801
0.5896454,-0.858955,246.1121,806
0.565365,-0.8410617,246.2294,806
0.5421829,-0.8265675,246.3421,806
0.5386593,-0.8136912,246.4441,806
0.5324051,-0.7444867,246.5722,806
0.5548116,-0.6793518,246.6863,806
0.5830018,-0.6046258,246.7971,806
0.59731,-0.5242028,246.9126,811
0.5984156,-0.4669475,247.0185,811
0.5657368,-0.3998746,247.1787,811
0.5305348,-0.343267,247.2902,811
0.480235,-0.2797109,247.4049,811
0.420418,-0.2363112,247.5169,811
0.3584155,-0.2116655,247.6379,811
0.2801827,-0.2175109,247.7448,811
0.2034638,-0.2241263,247.8544,811
0.129716,-0.2452162,247.9698,811
-0.008260452,-0.2606881,248.077,811
-0.1054968,-0.2926347,248.1774,811
-0.202915,-0.3307571,248.2868,811
-0.3147213,-0.3529031,248.4043,811
-0.3978479,-0.3727488,248.5258,811
-0.5088705,-0.4064623,248.6457,811
-0.5893962,-0.4652528,248.7579,811
-0.6494417,-0.5362074,248.8717,811
-0.6976362,-0.588176,248.9846,811
-0.7387373,-0.6305784,249.0885,811
-0.7562734,-0.6647413,249.1986,811
-0.7527693,-0.7254441,249.313,811
-0.7512925,-0.7666545,249.4241,816
-0.7771677,-0.8717979,249.5357,821
-0.7998411,-0.9536158,249.6579,821
-0.7966002,-1.009441,249.7675,826
-0.8098994,-1.047774,249.8786,831
-0.8146774,-1.067447,249.9857,831
-0.8036874,-1.082646,250.0913,836
-0.7985873,-1.077357,250.1987,841
-0.7893317,-1.07427,250.306,841
-0.777084,-1.064193,250.4167,846
-0.7495686,-1.0494,250.5319,846
-0.7084892,-1.030912,250.6513,851
-0.5743508,-0.9992928,250.7719,856
-0.4538295,-0.9824933,250.8763,856
-0.3749792,-0.9633315,250.9776,861
-0.2853181,-0.9257498,251.085,861
-0.240419,-0.8976899,251.1994,866
-0.1786386,-0.8515082,251.3123,866
-0.07329622,-0.7740589,251.4231,866
-0.02030168,-0.7263487,251.5389,866
0.03357875,-0.6740487,251.6603,866
0.080097,-0.6306987,251.767,866
0.1226962,-0.5962144,251.8759,866
0.1665592,-0.5719368,251.984,866
0.2248649,-0.543039,252.0953,871
0.2566188,-0.5189618,252.2078,876
0.2896817,-0.4994514,252.32,876
0.3028928,-0.4866519,252.4352,881
0.3072377,-0.4767268,252.5476,886
0.3064095,-0.4531204,252.6784,886
0.2924262,-0.4429305,252.7973,886
0.2494387,-0.4059155,252.9081,886
0.2147055,-0.3783291,253.0163,886
0.1540466,-0.3383654,253.118,886
0.02376134,-0.2953767,253.2663,886
-0.1189443,-0.2710904,253.3862,886
-0.2050536,-0.2589278,253.4913,886
-0.3190809,-0.2562517,253.6153,886
-0.3893293,-0.2416964,253.7212,886
-0.4594204,-0.2324376,253.831,886
-0.5141223,-0.1991783,253.9369,886
-0.5913755,-0.1660353,254.0388,891
-0.6628678,-0.1304702,254.1838,896
-0.691149,-0.1077332,254.2868,896
-0.7327065,-0.07156096,254.388,896
-0.7425243,-0.05718997,254.4969,896
-0.770965,-0.05416365,254.6421,896
-0.8033642,-0.06557984,254.7437,896
-0.8390666,-0.08624168,254.8448,896
-0.8726302,-0.1246572,254.9566,896
-0.8979335,-0.1975665,255.104,901
-0.9099724,-0.2523873,255.2496,901
-0.9165935,-0.2899836,255.3621,901
-0.923903,-0.349294,255.5125,901
-0.910306,-0.4108169,255.6448,901
-0.8860059,-0.48088,255.7904,901
-0.863189,-0.5591092,255.8982,901
-0.8529283,-0.6163203,256.0342,901
-0.8256574,-0.6984455,256.2677,901
-0.8200865,-0.7295496,256.461,901
-0.8193072,-0.7281182,256.6414,901
-0.8224711,-0.7289229,256.7428,902
-0.8229483,-0.7456568,256.8786,902
-0.823692,-0.7537689,256.9817,902
-0.8181306,-0.7750692,257.0823,902
-0.8161116,-0.8273626,257.2991,902
-0.8315656,-0.8528253,257.4788,903
-0.8291927,-0.8848187,257.6654,903
-0.8160804,-0.9277825,257.8896,903
-0.7992592,-0.9469866,258.1242,903
-0.7830135,-0.9293548,258.343,903
-0.7728561,-0.8879277,258.5247,903
-0.7217581,-0.8144864,258.7039,903
-0.599916,-0.6563192,258.9431,903
-0.5560905,-0.5728747,259.1472,903
-0.5180929,-0.5040659,259.3269,903
-0.5170157,-0.4325978,259.509,903
-0.5188029,-0.2700835,259.7401,903
-0.5292647,-0.227027,259.8466,903
-0.5564957,-0.1724947,259.9616,903
-0.5802331,-0.1534292,260.1096,903
-0.5955516,-0.1261219,260.2621,903
-0.5859147,-0.1125962,260.4146,903
-0.5449587,-0.101525,260.5581,903
-0.5248937,-0.1012999,260.6591,903
-0.4344853,-0.08595038,260.8027,903
-0.4054763,-0.08581918,260.9112,903
-0.3434558,-0.09862221,261.0167,903
-0.3041534,-0.09887615,261.1169,903
-0.2601865,-0.09853906,261.2618,903
-0.242619,-0.1023289,261.3661,903
-0.2341097,-0.1085531,261.4696,903
-0.2267723,-0.1266751,261.6161,903
-0.2177204,-0.1389418,261.7163,903
-0.2003276,-0.1361701,261.8324,903
-0.2139761,-0.1088559,261.9438,903
-0.2251534,-0.0608036,262.0954,903
-0.2310761,0.02043849,262.2399,903
-0.2304136,0.1042674,262.3907,903
-0.2345954,0.1556512,262.4917,903
-0.2320298,0.1945683,262.592,903
-0.2457147,0.2448004,262.7068,903
-0.2588184,0.2846726,262.8596,903
-0.2685438,0.2971487,262.9633,903
-0.2777334,0.3057161,263.0635,903
-0.2876032,0.3176848,263.168,903
-0.2950955,0.3240723,263.2734,903
-0.2959963,0.326812,263.3761,903
-0.3041492,0.329379,263.4786,903
-0.3118822,0.3254569,263.629,904
-0.3126006,0.3215621,263.7377,904
-0.3254034,0.3109065,263.8396,904
-0.330353,0.3104685,263.9449,904
-0.3322937,0.305787,264.0458,904
-0.3311129,0.300506,264.1465,904
-0.3305389,0.2973285,264.2969,904
-0.3573636,0.2825665,264.4465,904
-0.3756668,0.2762596,264.5471,904
-0.3998407,0.2809967,264.6477,904
-0.4291785,0.3010727,264.7961,904
-0.5180668,0.2924612,264.9425,904
-0.6198785,0.2641197,265.0899,904
-0.6962832,0.2425451,265.1922,904
-0.7650617,0.23357,265.2964,904
-0.8342032,0.2150304,265.4461,904
-0.8637815,0.212357,265.5553,904
-0.8999377,0.2111557,265.656,904
-0.9149663,0.2183625,265.7582,905
-0.9238785,0.2229031,265.9011,905
-0.9304008,0.2194166,266.0031,905
-0.9419292,0.1951216,266.1092,905
-0.9690489,0.1699824,266.2632,905
-1.012098,0.1704889,266.3686,905
-1.051653,0.161253,266.4841,905
-1.067117,0.1489725,266.5846,905
-1.098048,0.119957,266.6878,905
-1.142477,0.07932558,266.8398,905
-1.191027,0.02030474,266.945,905
-1.23735,-0.04048394,267.0521,905
-1.27412,-0.07924664,267.1528,905
-1.286569,-0.1057818,267.2552,905
-1.294793,-0.1185458,267.4023,905
-1.300689,-0.1325401,267.5113,905
-1.304866,-0.1457003,267.6541,905
-1.302489,-0.152191,267.7983,905
-1.304576,-0.1535747,267.9473,905
-1.300249,-0.1432772,268.0963,905
-1.275888,-0.1132681,268.2412,905
-1.246721,-0.08311865,268.3878,905
-1.200883,-0.04447596,268.5031,905
-1.127688,0.009147665,268.6546,905
-1.025665,0.0867582,268.8021,905
-0.9953744,0.1131797,268.9046,905
-0.9299974,0.1628769,269.0157,905
-0.8671667,0.1992568,269.1169,905
-0.8365591,0.2224951,269.2175,905
